Country Name,Country Code,Year,Life expectancy at birth
Aruba,ABW,2010,74.872
Aruba,ABW,2011,75.017
Aruba,ABW,2012,75.158
Aruba,ABW,2013,75.299
Aruba,ABW,2014,75.441
Aruba,ABW,2015,75.583
Aruba,ABW,2016,75.725
Aruba,ABW,2017,75.868
Aruba,ABW,2018,76.01
Aruba,ABW,2019,76.152
Africa Eastern and Southern,AFE,2010,57.5487718622889
Africa Eastern and Southern,AFE,2011,58.4706966763051
Africa Eastern and Southern,AFE,2012,59.3535949230704
Africa Eastern and Southern,AFE,2013,60.1855610471991
Africa Eastern and Southern,AFE,2014,60.9533629561753
Africa Eastern and Southern,AFE,2015,61.6473665890637
Africa Eastern and Southern,AFE,2016,62.2592883749181
Africa Eastern and Southern,AFE,2017,62.7876814850688
Africa Eastern and Southern,AFE,2018,63.2462635340566
Africa Eastern and Southern,AFE,2019,63.648988039777
Afghanistan,AFG,2010,60.484
Afghanistan,AFG,2011,61.028
Afghanistan,AFG,2012,61.553
Afghanistan,AFG,2013,62.054
Afghanistan,AFG,2014,62.525
Afghanistan,AFG,2015,62.966
Afghanistan,AFG,2016,63.377
Afghanistan,AFG,2017,63.763
Afghanistan,AFG,2018,64.13
Afghanistan,AFG,2019,64.486
Africa Western and Central,AFW,2010,53.6120895132647
Africa Western and Central,AFW,2011,54.1443067090058
Africa Western and Central,AFW,2012,54.6499981291251
Africa Western and Central,AFW,2013,55.1389443224205
Africa Western and Central,AFW,2014,55.6189864082126
Africa Western and Central,AFW,2015,56.0882690441146
Africa Western and Central,AFW,2016,56.5420091409512
Africa Western and Central,AFW,2017,56.9747611509084
Africa Western and Central,AFW,2018,57.382362702625
Africa Western and Central,AFW,2019,57.7623467867763
Angola,AGO,2010,54.311
Angola,AGO,2011,55.35
Angola,AGO,2012,56.33
Angola,AGO,2013,57.236
Angola,AGO,2014,58.054
Angola,AGO,2015,58.776
Angola,AGO,2016,59.398
Angola,AGO,2017,59.925
Angola,AGO,2018,60.379
Angola,AGO,2019,60.782
Albania,ALB,2010,76.221
Albania,ALB,2011,76.562
Albania,ALB,2012,76.914
Albania,ALB,2013,77.252
Albania,ALB,2014,77.554
Albania,ALB,2015,77.813
Albania,ALB,2016,78.025
Albania,ALB,2017,78.194
Albania,ALB,2018,78.333
Albania,ALB,2019,78.458
Andorra,AND,2010,
Andorra,AND,2011,
Andorra,AND,2012,
Andorra,AND,2013,
Andorra,AND,2014,
Andorra,AND,2015,
Andorra,AND,2016,
Andorra,AND,2017,
Andorra,AND,2018,
Andorra,AND,2019,
Arab World,ARB,2010,70.1575600848623
Arab World,ARB,2011,70.3499164210096
Arab World,ARB,2012,70.5287616794948
Arab World,ARB,2013,70.7037977970714
Arab World,ARB,2014,70.8822177024387
Arab World,ARB,2015,71.0642687701762
Arab World,ARB,2016,71.2495709689318
Arab World,ARB,2017,71.4365471749074
Arab World,ARB,2018,71.6226704254941
Arab World,ARB,2019,71.8070751075422
United Arab Emirates,ARE,2010,76.145
United Arab Emirates,ARE,2011,76.332
United Arab Emirates,ARE,2012,76.521
United Arab Emirates,ARE,2013,76.711
United Arab Emirates,ARE,2014,76.903
United Arab Emirates,ARE,2015,77.095
United Arab Emirates,ARE,2016,77.285
United Arab Emirates,ARE,2017,77.47
United Arab Emirates,ARE,2018,77.647
United Arab Emirates,ARE,2019,77.814
Argentina,ARG,2010,75.116
Argentina,ARG,2011,75.278
Argentina,ARG,2012,75.439
Argentina,ARG,2013,75.598
Argentina,ARG,2014,75.756
Argentina,ARG,2015,75.913
Argentina,ARG,2016,76.068
Argentina,ARG,2017,76.221
Argentina,ARG,2018,76.372
Argentina,ARG,2019,76.52
Armenia,ARM,2010,73.118
Armenia,ARM,2011,73.331
Armenia,ARM,2012,73.572
Armenia,ARM,2013,73.82
Armenia,ARM,2014,74.056
Armenia,ARM,2015,74.273
Armenia,ARM,2016,74.467
Armenia,ARM,2017,74.64
Armenia,ARM,2018,74.797
Armenia,ARM,2019,74.945
American Samoa,ASM,2010,
American Samoa,ASM,2011,
American Samoa,ASM,2012,
American Samoa,ASM,2013,
American Samoa,ASM,2014,
American Samoa,ASM,2015,
American Samoa,ASM,2016,
American Samoa,ASM,2017,
American Samoa,ASM,2018,
American Samoa,ASM,2019,
Antigua and Barbuda,ATG,2010,75.683
Antigua and Barbuda,ATG,2011,75.823
Antigua and Barbuda,ATG,2012,75.956
Antigua and Barbuda,ATG,2013,76.087
Antigua and Barbuda,ATG,2014,76.218
Antigua and Barbuda,ATG,2015,76.349
Antigua and Barbuda,ATG,2016,76.483
Antigua and Barbuda,ATG,2017,76.617
Antigua and Barbuda,ATG,2018,76.752
Antigua and Barbuda,ATG,2019,76.885
Australia,AUS,2010,81.5439024390244
Australia,AUS,2011,81.6951219512195
Australia,AUS,2012,81.8951219512195
Australia,AUS,2013,82.0463414634146
Australia,AUS,2014,82.1487804878049
Australia,AUS,2015,82.3
Australia,AUS,2016,82.4
Australia,AUS,2017,82.4487804878049
Australia,AUS,2018,82.5
Australia,AUS,2019,82.7487804878049
Austria,AUT,2010,80.3317073170732
Austria,AUT,2011,80.5804878048781
Austria,AUT,2012,80.9829268292683
Austria,AUT,2013,80.9365853658537
Austria,AUT,2014,81.1365853658537
Austria,AUT,2015,81.490243902439
Austria,AUT,2016,81.190243902439
Austria,AUT,2017,81.6414634146342
Austria,AUT,2018,81.6439024390244
Austria,AUT,2019,81.6926829268293
Azerbaijan,AZE,2010,70.597
Azerbaijan,AZE,2011,70.938
Azerbaijan,AZE,2012,71.234
Azerbaijan,AZE,2013,71.506
Azerbaijan,AZE,2014,71.768
Azerbaijan,AZE,2015,72.022
Azerbaijan,AZE,2016,72.266
Azerbaijan,AZE,2017,72.493
Azerbaijan,AZE,2018,72.693
Azerbaijan,AZE,2019,72.864
Burundi,BDI,2010,56.488
Burundi,BDI,2011,57.228
Burundi,BDI,2012,57.925
Burundi,BDI,2013,58.568
Burundi,BDI,2014,59.148
Burundi,BDI,2015,59.665
Burundi,BDI,2016,60.123
Burundi,BDI,2017,60.528
Burundi,BDI,2018,60.898
Burundi,BDI,2019,61.247
Belgium,BEL,2010,80.0341463414634
Belgium,BEL,2011,80.1829268292683
Belgium,BEL,2012,80.5853658536585
Belgium,BEL,2013,80.3853658536585
Belgium,BEL,2014,80.5878048780488
Belgium,BEL,2015,81.2878048780488
Belgium,BEL,2016,80.9926829268293
Belgium,BEL,2017,81.4390243902439
Belgium,BEL,2018,81.4926829268293
Belgium,BEL,2019,81.5951219512195
Benin,BEN,2010,59.009
Benin,BEN,2011,59.318
Benin,BEN,2012,59.59
Benin,BEN,2013,59.842
Benin,BEN,2014,60.092
Benin,BEN,2015,60.345
Benin,BEN,2016,60.608
Benin,BEN,2017,60.885
Benin,BEN,2018,61.174
Benin,BEN,2019,61.47
Burkina Faso,BFA,2010,56.377
Burkina Faso,BFA,2011,57.096
Burkina Faso,BFA,2012,57.761
Burkina Faso,BFA,2013,58.374
Burkina Faso,BFA,2014,58.937
Burkina Faso,BFA,2015,59.45
Burkina Faso,BFA,2016,59.919
Burkina Faso,BFA,2017,60.354
Burkina Faso,BFA,2018,60.768
Burkina Faso,BFA,2019,61.174
Bangladesh,BGD,2010,69.485
Bangladesh,BGD,2011,69.881
Bangladesh,BGD,2012,70.256
Bangladesh,BGD,2013,70.606
Bangladesh,BGD,2014,70.93
Bangladesh,BGD,2015,71.231
Bangladesh,BGD,2016,71.514
Bangladesh,BGD,2017,71.785
Bangladesh,BGD,2018,72.052
Bangladesh,BGD,2019,72.32
Bulgaria,BGR,2010,73.4121951219512
Bulgaria,BGR,2011,73.5121951219512
Bulgaria,BGR,2012,74.1634146341463
Bulgaria,BGR,2013,74.3146341463415
Bulgaria,BGR,2014,74.8609756097561
Bulgaria,BGR,2015,74.4658536585366
Bulgaria,BGR,2016,74.6146341463415
Bulgaria,BGR,2017,74.8121951219512
Bulgaria,BGR,2018,74.8146341463415
Bulgaria,BGR,2019,74.9634146341464
Bahrain,BHR,2010,75.913
Bahrain,BHR,2011,76.057
Bahrain,BHR,2012,76.2
Bahrain,BHR,2013,76.342
Bahrain,BHR,2014,76.484
Bahrain,BHR,2015,76.624
Bahrain,BHR,2016,76.762
Bahrain,BHR,2017,76.899
Bahrain,BHR,2018,77.032
Bahrain,BHR,2019,77.163
Bahamas, The,2010,72.022
Bahamas, The,2011,72.067
Bahamas, The,2012,72.144
Bahamas, The,2013,72.263
Bahamas, The,2014,72.424
Bahamas, The,2015,72.62
Bahamas, The,2016,72.847
Bahamas, The,2017,73.088
Bahamas, The,2018,73.329
Bahamas, The,2019,73.554
Bosnia and Herzegovina,BIH,2010,75.844
Bosnia and Herzegovina,BIH,2011,76.031
Bosnia and Herzegovina,BIH,2012,76.219
Bosnia and Herzegovina,BIH,2013,76.401
Bosnia and Herzegovina,BIH,2014,76.569
Bosnia and Herzegovina,BIH,2015,76.723
Bosnia and Herzegovina,BIH,2016,76.865
Bosnia and Herzegovina,BIH,2017,76.998
Bosnia and Herzegovina,BIH,2018,77.128
Bosnia and Herzegovina,BIH,2019,77.262
Belarus,BLR,2010,70.4073170731707
Belarus,BLR,2011,70.4048780487805
Belarus,BLR,2012,70.5536585365854
Belarus,BLR,2013,71.9658536585366
Belarus,BLR,2014,72.4707317073171
Belarus,BLR,2015,72.9707317073171
Belarus,BLR,2016,73.6243902439025
Belarus,BLR,2017,73.8268292682927
Belarus,BLR,2018,74.1292682926829
Belarus,BLR,2019,74.1756097560976
Belize,BLZ,2010,71.541
Belize,BLZ,2011,72.057
Belize,BLZ,2012,72.57
Belize,BLZ,2013,73.044
Belize,BLZ,2014,73.452
Belize,BLZ,2015,73.782
Belize,BLZ,2016,74.034
Belize,BLZ,2017,74.219
Belize,BLZ,2018,74.365
Belize,BLZ,2019,74.496
Bermuda,BMU,2010,79.3884390243903
Bermuda,BMU,2011,79.2885365853658
Bermuda,BMU,2012,81.1526829268293
Bermuda,BMU,2013,81.6778048780488
Bermuda,BMU,2014,80.5724390243902
Bermuda,BMU,2015,80.7973170731707
Bermuda,BMU,2016,81.0121951219512
Bermuda,BMU,2017,81.2270731707317
Bermuda,BMU,2018,81.4419512195122
Bermuda,BMU,2019,81.6517073170732
Bolivia,BOL,2010,67.476
Bolivia,BOL,2011,68.007
Bolivia,BOL,2012,68.521
Bolivia,BOL,2013,69.01
Bolivia,BOL,2014,69.468
Bolivia,BOL,2015,69.891
Bolivia,BOL,2016,70.277
Bolivia,BOL,2017,70.626
Bolivia,BOL,2018,70.945
Bolivia,BOL,2019,71.239
Brazil,BRA,2010,73.3
Brazil,BRA,2011,73.619
Brazil,BRA,2012,73.921
Brazil,BRA,2013,74.209
Brazil,BRA,2014,74.483
Brazil,BRA,2015,74.745
Brazil,BRA,2016,74.994
Brazil,BRA,2017,75.23
Brazil,BRA,2018,75.456
Brazil,BRA,2019,75.672
Barbados,BRB,2010,78.272
Barbados,BRB,2011,78.364
Barbados,BRB,2012,78.456
Barbados,BRB,2013,78.547
Barbados,BRB,2014,78.633
Barbados,BRB,2015,78.717
Barbados,BRB,2016,78.801
Barbados,BRB,2017,78.888
Barbados,BRB,2018,78.981
Barbados,BRB,2019,79.081
Brunei Darussalam,BRN,2010,74.623
Brunei Darussalam,BRN,2011,74.74
Brunei Darussalam,BRN,2012,74.852
Brunei Darussalam,BRN,2013,74.962
Brunei Darussalam,BRN,2014,75.075
Brunei Darussalam,BRN,2015,75.193
Brunei Darussalam,BRN,2016,75.318
Brunei Darussalam,BRN,2017,75.45
Brunei Darussalam,BRN,2018,75.585
Brunei Darussalam,BRN,2019,75.722
Bhutan,BTN,2010,67.882
Bhutan,BTN,2011,68.384
Bhutan,BTN,2012,68.84
Bhutan,BTN,2013,69.263
Bhutan,BTN,2014,69.662
Bhutan,BTN,2015,70.046
Bhutan,BTN,2016,70.419
Bhutan,BTN,2017,70.781
Bhutan,BTN,2018,71.129
Bhutan,BTN,2019,71.46
Botswana,BWA,2010,58.447
Botswana,BWA,2011,60.211
Botswana,BWA,2012,61.91
Botswana,BWA,2013,63.511
Botswana,BWA,2014,64.976
Botswana,BWA,2015,66.265
Botswana,BWA,2016,67.338
Botswana,BWA,2017,68.178
Botswana,BWA,2018,68.812
Botswana,BWA,2019,69.275
Central African Republic,CAF,2010,46.719
Central African Republic,CAF,2011,47.312
Central African Republic,CAF,2012,47.95
Central African Republic,CAF,2013,48.638
Central African Republic,CAF,2014,49.371
Central African Republic,CAF,2015,50.129
Central African Republic,CAF,2016,50.881
Central African Republic,CAF,2017,51.593
Central African Republic,CAF,2018,52.24
Central African Republic,CAF,2019,52.805
Canada,CAN,2010,80.9951219512195
Canada,CAN,2011,81.2463414634146
Canada,CAN,2012,81.4487804878049
Canada,CAN,2013,81.6487804878049
Canada,CAN,2014,81.7487804878049
Canada,CAN,2015,81.8
Canada,CAN,2016,81.9
Canada,CAN,2017,81.9
Canada,CAN,2018,81.9
Canada,CAN,2019,82.0487804878049
Central Europe and the Baltics,CEB,2010,74.9303639266576
Central Europe and the Baltics,CEB,2011,75.2939657786314
Central Europe and the Baltics,CEB,2012,75.8884748834282
Central Europe and the Baltics,CEB,2013,75.9934886034531
Central Europe and the Baltics,CEB,2014,76.3551629869808
Central Europe and the Baltics,CEB,2015,76.6756236113045
Central Europe and the Baltics,CEB,2016,76.5718777647788
Central Europe and the Baltics,CEB,2017,76.9698114171911
Central Europe and the Baltics,CEB,2018,76.9474426395729
Central Europe and the Baltics,CEB,2019,76.9768226818402
Switzerland,CHE,2010,82.0439024390244
Switzerland,CHE,2011,82.2463414634147
Switzerland,CHE,2012,82.6951219512195
Switzerland,CHE,2013,82.6975609756098
Switzerland,CHE,2014,82.7975609756098
Switzerland,CHE,2015,83.1975609756098
Switzerland,CHE,2016,82.8975609756098
Switzerland,CHE,2017,83.6024390243903
Switzerland,CHE,2018,83.5512195121951
Switzerland,CHE,2019,83.7536585365854
Channel Islands,CHI,2010,81.268
Channel Islands,CHI,2011,81.483
Channel Islands,CHI,2012,81.688
Channel Islands,CHI,2013,81.883
Channel Islands,CHI,2014,82.071
Channel Islands,CHI,2015,82.252
Channel Islands,CHI,2016,82.429
Channel Islands,CHI,2017,82.6
Channel Islands,CHI,2018,82.766
Channel Islands,CHI,2019,82.928
Chile,CHL,2010,78.558
Chile,CHL,2011,78.779
Chile,CHL,2012,78.986
Chile,CHL,2013,79.176
Chile,CHL,2014,79.349
Chile,CHL,2015,79.504
Chile,CHL,2016,79.646
Chile,CHL,2017,79.779
Chile,CHL,2018,79.909
Chile,CHL,2019,80.042
China,CHN,2010,74.119
China,CHN,2011,74.409
China,CHN,2012,74.708
China,CHN,2013,75.013
China,CHN,2014,75.321
China,CHN,2015,75.629
China,CHN,2016,75.928
China,CHN,2017,76.21
China,CHN,2018,76.47
China,CHN,2019,76.704
Cote d'Ivoire,CIV,2010,52.313
Cote d'Ivoire,CIV,2011,52.964
Cote d'Ivoire,CIV,2012,53.62
Cote d'Ivoire,CIV,2013,54.271
Cote d'Ivoire,CIV,2014,54.906
Cote d'Ivoire,CIV,2015,55.508
Cote d'Ivoire,CIV,2016,56.065
Cote d'Ivoire,CIV,2017,56.567
Cote d'Ivoire,CIV,2018,57.017
Cote d'Ivoire,CIV,2019,57.422
Cameroon,CMR,2010,54.627
Cameroon,CMR,2011,55.101
Cameroon,CMR,2012,55.581
Cameroon,CMR,2013,56.073
Cameroon,CMR,2014,56.576
Cameroon,CMR,2015,57.083
Cameroon,CMR,2016,57.583
Cameroon,CMR,2017,58.063
Cameroon,CMR,2018,58.511
Cameroon,CMR,2019,58.921
Congo, Dem. Rep.,2010,55.743
Congo, Dem. Rep.,2011,56.35
Congo, Dem. Rep.,2012,56.909
Congo, Dem. Rep.,2013,57.427
Congo, Dem. Rep.,2014,57.914
Congo, Dem. Rep.,2015,58.381
Congo, Dem. Rep.,2016,58.828
Congo, Dem. Rep.,2017,59.254
Congo, Dem. Rep.,2018,59.655
Congo, Dem. Rep.,2019,60.026
Congo, Rep.,2010,58.466
Congo, Rep.,2011,59.321
Congo, Rep.,2012,60.093
Congo, Rep.,2013,60.785
Congo, Rep.,2014,61.423
Congo, Rep.,2015,62.022
Congo, Rep.,2016,62.582
Congo, Rep.,2017,63.097
Congo, Rep.,2018,63.556
Congo, Rep.,2019,63.954
Colombia,COL,2010,75.193
Colombia,COL,2011,75.424
Colombia,COL,2012,75.655
Colombia,COL,2013,75.882
Colombia,COL,2014,76.105
Colombia,COL,2015,76.322
Colombia,COL,2016,76.531
Colombia,COL,2017,76.732
Colombia,COL,2018,76.925
Colombia,COL,2019,77.109
Comoros,COM,2010,61.475
Comoros,COM,2011,61.862
Comoros,COM,2012,62.24
Comoros,COM,2013,62.595
Comoros,COM,2014,62.922
Comoros,COM,2015,63.214
Comoros,COM,2016,63.471
Comoros,COM,2017,63.7
Comoros,COM,2018,63.912
Comoros,COM,2019,64.118
Cabo Verde,CPV,2010,70.911
Cabo Verde,CPV,2011,71.062
Cabo Verde,CPV,2012,71.243
Cabo Verde,CPV,2013,71.445
Cabo Verde,CPV,2014,71.661
Cabo Verde,CPV,2015,71.886
Cabo Verde,CPV,2016,72.117
Cabo Verde,CPV,2017,72.347
Cabo Verde,CPV,2018,72.57
Cabo Verde,CPV,2019,72.782
Costa Rica,CRI,2010,78.626
Costa Rica,CRI,2011,78.769
Costa Rica,CRI,2012,78.919
Costa Rica,CRI,2013,79.074
Costa Rica,CRI,2014,79.234
Costa Rica,CRI,2015,79.398
Costa Rica,CRI,2016,79.565
Costa Rica,CRI,2017,79.738
Costa Rica,CRI,2018,79.914
Costa Rica,CRI,2019,80.095
Caribbean small states,CSS,2010,72.5617494160666
Caribbean small states,CSS,2011,72.6794042337237
Caribbean small states,CSS,2012,72.7952950904323
Caribbean small states,CSS,2013,72.9118093762699
Caribbean small states,CSS,2014,73.0301385446206
Caribbean small states,CSS,2015,73.1505917872827
Caribbean small states,CSS,2016,73.2730249020468
Caribbean small states,CSS,2017,73.395957988226
Caribbean small states,CSS,2018,73.5174899503022
Caribbean small states,CSS,2019,73.6371062810432
Cuba,CUB,2010,78.256
Cuba,CUB,2011,78.338
Cuba,CUB,2012,78.4
Cuba,CUB,2013,78.446
Cuba,CUB,2014,78.485
Cuba,CUB,2015,78.521
Cuba,CUB,2016,78.561
Cuba,CUB,2017,78.607
Cuba,CUB,2018,78.662
Cuba,CUB,2019,78.726
Curacao,CUW,2010,76.1560975609756
Curacao,CUW,2011,
Curacao,CUW,2012,77.4731707317073
Curacao,CUW,2013,77.5243902439024
Curacao,CUW,2014,77.8268292682927
Curacao,CUW,2015,77.9756097560976
Curacao,CUW,2016,78.0756097560976
Curacao,CUW,2017,77.719512195122
Curacao,CUW,2018,78.0170731707317
Curacao,CUW,2019,
Cayman Islands,CYM,2010,
Cayman Islands,CYM,2011,82.190243902439
Cayman Islands,CYM,2012,
Cayman Islands,CYM,2013,
Cayman Islands,CYM,2014,
Cayman Islands,CYM,2015,
Cayman Islands,CYM,2016,
Cayman Islands,CYM,2017,
Cayman Islands,CYM,2018,
Cayman Islands,CYM,2019,
Cyprus,CYP,2010,79.245
Cyprus,CYP,2011,79.43
Cyprus,CYP,2012,79.621
Cyprus,CYP,2013,79.812
Cyprus,CYP,2014,79.999
Cyprus,CYP,2015,80.178
Cyprus,CYP,2016,80.35
Cyprus,CYP,2017,80.513
Cyprus,CYP,2018,80.672
Cyprus,CYP,2019,80.828
Czech Republic,CZE,2010,77.0780487804878
Czech Republic,CZE,2011,77.4243902439025
Czech Republic,CZE,2012,77.8731707317073
Czech Republic,CZE,2013,78.0756097560976
Czech Republic,CZE,2014,78.1756097560976
Czech Republic,CZE,2015,78.8243902439024
Czech Republic,CZE,2016,78.5780487804878
Czech Republic,CZE,2017,79.0268292682927
Czech Republic,CZE,2018,78.9780487804878
Czech Republic,CZE,2019,79.0292682926829
Germany,DEU,2010,79.8365853658537
Germany,DEU,2011,79.9878048780488
Germany,DEU,2012,80.4365853658537
Germany,DEU,2013,80.5390243902439
Germany,DEU,2014,80.490243902439
Germany,DEU,2015,81.090243902439
Germany,DEU,2016,80.6414634146341
Germany,DEU,2017,80.990243902439
Germany,DEU,2018,80.9926829268293
Germany,DEU,2019,80.8926829268293
Djibouti,DJI,2010,59.561
Djibouti,DJI,2011,60.062
Djibouti,DJI,2012,60.667
Djibouti,DJI,2013,61.395
Djibouti,DJI,2014,62.239
Djibouti,DJI,2015,63.171
Djibouti,DJI,2016,64.136
Djibouti,DJI,2017,65.064
Djibouti,DJI,2018,65.893
Djibouti,DJI,2019,66.582
Dominica,DMA,2010,
Dominica,DMA,2011,
Dominica,DMA,2012,
Dominica,DMA,2013,
Dominica,DMA,2014,
Dominica,DMA,2015,
Dominica,DMA,2016,
Dominica,DMA,2017,
Dominica,DMA,2018,
Dominica,DMA,2019,
Denmark,DNK,2010,78.5975609756098
Denmark,DNK,2011,79.1
Denmark,DNK,2012,79.8
Denmark,DNK,2013,80.0512195121951
Denmark,DNK,2014,80.3
Denmark,DNK,2015,80.7
Denmark,DNK,2016,80.7024390243902
Denmark,DNK,2017,80.8536585365854
Denmark,DNK,2018,81.1024390243903
Denmark,DNK,2019,80.9536585365854
Dominican Republic,DOM,2010,71.806
Dominican Republic,DOM,2011,72.046
Dominican Republic,DOM,2012,72.284
Dominican Republic,DOM,2013,72.523
Dominican Republic,DOM,2014,72.763
Dominican Republic,DOM,2015,73.003
Dominican Republic,DOM,2016,73.241
Dominican Republic,DOM,2017,73.471
Dominican Republic,DOM,2018,73.689
Dominican Republic,DOM,2019,73.892
Algeria,DZA,2010,74.644
Algeria,DZA,2011,74.938
Algeria,DZA,2012,75.199
Algeria,DZA,2013,75.436
Algeria,DZA,2014,75.661
Algeria,DZA,2015,75.878
Algeria,DZA,2016,76.09
Algeria,DZA,2017,76.298
Algeria,DZA,2018,76.499
Algeria,DZA,2019,76.693
East Asia & Pacific (excluding high income),EAP,2010,72.7807241732529
East Asia & Pacific (excluding high income),EAP,2011,73.066264292376
East Asia & Pacific (excluding high income),EAP,2012,73.3551205604451
East Asia & Pacific (excluding high income),EAP,2013,73.6452983799452
East Asia & Pacific (excluding high income),EAP,2014,73.9343785523684
East Asia & Pacific (excluding high income),EAP,2015,74.2204733830737
East Asia & Pacific (excluding high income),EAP,2016,74.4962277379732
East Asia & Pacific (excluding high income),EAP,2017,74.7556108864346
East Asia & Pacific (excluding high income),EAP,2018,74.9949439117848
East Asia & Pacific (excluding high income),EAP,2019,75.210501121356
Early-demographic dividend,EAR,2010,67.661689856882
Early-demographic dividend,EAR,2011,68.0560210364218
Early-demographic dividend,EAR,2012,68.4389041334532
Early-demographic dividend,EAR,2013,68.8032052554736
Early-demographic dividend,EAR,2014,69.1451633998496
Early-demographic dividend,EAR,2015,69.460918965504
Early-demographic dividend,EAR,2016,69.7485062321695
Early-demographic dividend,EAR,2017,70.0112350713132
Early-demographic dividend,EAR,2018,70.254234698029
Early-demographic dividend,EAR,2019,70.4832383376349
East Asia & Pacific,EAS,2010,73.7591251644885
East Asia & Pacific,EAS,2011,74.0129991679213
East Asia & Pacific,EAS,2012,74.2659488199005
East Asia & Pacific,EAS,2013,74.5621290937999
East Asia & Pacific,EAS,2014,74.8482167217353
East Asia & Pacific,EAS,2015,75.1251890144074
East Asia & Pacific,EAS,2016,75.3925946649761
East Asia & Pacific,EAS,2017,75.6355832468002
East Asia & Pacific,EAS,2018,75.8660330833352
East Asia & Pacific,EAS,2019,76.0688639164031
Europe & Central Asia (excluding high income),ECA,2010,70.4621996563735
Europe & Central Asia (excluding high income),ECA,2011,70.7941789136501
Europe & Central Asia (excluding high income),ECA,2012,71.3699705541698
Europe & Central Asia (excluding high income),ECA,2013,71.7347608208708
Europe & Central Asia (excluding high income),ECA,2014,72.1734243648986
Europe & Central Asia (excluding high income),ECA,2015,72.3936576698318
Europe & Central Asia (excluding high income),ECA,2016,72.7071150561675
Europe & Central Asia (excluding high income),ECA,2017,73.0620108493501
Europe & Central Asia (excluding high income),ECA,2018,73.509414169373
Europe & Central Asia (excluding high income),ECA,2019,73.6754287432578
Europe & Central Asia,ECS,2010,75.643044803955
Europe & Central Asia,ECS,2011,75.9440185226778
Europe & Central Asia,ECS,2012,76.4599786968568
Europe & Central Asia,ECS,2013,76.6233615977834
Europe & Central Asia,ECS,2014,76.9556183964943
Europe & Central Asia,ECS,2015,77.2827856944614
Europe & Central Asia,ECS,2016,77.240678024492
Europe & Central Asia,ECS,2017,77.5955352961588
Europe & Central Asia,ECS,2018,77.7884313162796
Europe & Central Asia,ECS,2019,77.9101525774327
Ecuador,ECU,2010,74.895
Ecuador,ECU,2011,75.089
Ecuador,ECU,2012,75.289
Ecuador,ECU,2013,75.495
Ecuador,ECU,2014,75.707
Ecuador,ECU,2015,75.923
Ecuador,ECU,2016,76.143
Ecuador,ECU,2017,76.365
Ecuador,ECU,2018,76.584
Ecuador,ECU,2019,76.8
Egypt, Arab Rep.,2010,69.971
Egypt, Arab Rep.,2011,70.159
Egypt, Arab Rep.,2012,70.349
Egypt, Arab Rep.,2013,70.543
Egypt, Arab Rep.,2014,70.736
Egypt, Arab Rep.,2015,70.928
Egypt, Arab Rep.,2016,71.117
Egypt, Arab Rep.,2017,71.302
Egypt, Arab Rep.,2018,71.482
Egypt, Arab Rep.,2019,71.656
Euro area,EMU,2010,80.5051815068132
Euro area,EMU,2011,80.7467809595169
Euro area,EMU,2012,81.2328248541922
Euro area,EMU,2013,81.2271581838087
Euro area,EMU,2014,81.5123287222875
Euro area,EMU,2015,81.9429827046427
Euro area,EMU,2016,81.5692290983944
Euro area,EMU,2017,81.9545453224235
Euro area,EMU,2018,81.9323163550777
Euro area,EMU,2019,82.0598816959482
Eritrea,ERI,2010,61.602
Eritrea,ERI,2011,62.193
Eritrea,ERI,2012,62.732
Eritrea,ERI,2013,63.238
Eritrea,ERI,2014,63.726
Eritrea,ERI,2015,64.201
Eritrea,ERI,2016,64.664
Eritrea,ERI,2017,65.111
Eritrea,ERI,2018,65.538
Eritrea,ERI,2019,65.941
Spain,ESP,2010,81.4756097560976
Spain,ESP,2011,81.6268292682927
Spain,ESP,2012,82.4756097560976
Spain,ESP,2013,82.4268292682927
Spain,ESP,2014,83.0780487804878
Spain,ESP,2015,83.2292682926829
Spain,ESP,2016,82.8317073170732
Spain,ESP,2017,83.3292682926829
Spain,ESP,2018,83.2829268292683
Spain,ESP,2019,83.4317073170732
Estonia,EST,2010,74.8243902439024
Estonia,EST,2011,75.4292682926829
Estonia,EST,2012,76.2292682926829
Estonia,EST,2013,76.3268292682927
Estonia,EST,2014,77.1414634146341
Estonia,EST,2015,77.0341463414634
Estonia,EST,2016,77.590243902439
Estonia,EST,2017,77.6414634146342
Estonia,EST,2018,78.0926829268293
Estonia,EST,2019,78.2439024390244
Ethiopia,ETH,2010,60.645
Ethiopia,ETH,2011,61.627
Ethiopia,ETH,2012,62.505
Ethiopia,ETH,2013,63.281
Ethiopia,ETH,2014,63.961
Ethiopia,ETH,2015,64.547
Ethiopia,ETH,2016,65.048
Ethiopia,ETH,2017,65.482
Ethiopia,ETH,2018,65.872
Ethiopia,ETH,2019,66.24
European Union,EUU,2010,79.3572283106471
European Union,EUU,2011,79.6294260462919
European Union,EUU,2012,80.137772913297
European Union,EUU,2013,80.156888172745
European Union,EUU,2014,80.4637409249241
European Union,EUU,2015,80.8704475592144
European Union,EUU,2016,80.5668071415957
European Union,EUU,2017,80.9498646420543
European Union,EUU,2018,80.9308386443383
European Union,EUU,2019,81.0349054643915
Fragile and conflict affected situations,FCS,2010,58.6445401756929
Fragile and conflict affected situations,FCS,2011,59.1205810186728
Fragile and conflict affected situations,FCS,2012,59.5766220149877
Fragile and conflict affected situations,FCS,2013,60.0162445233427
Fragile and conflict affected situations,FCS,2014,60.4400728525701
Fragile and conflict affected situations,FCS,2015,60.8434647630712
Fragile and conflict affected situations,FCS,2016,61.2210465625118
Fragile and conflict affected situations,FCS,2017,61.5703079183275
Fragile and conflict affected situations,FCS,2018,61.8928480038629
Fragile and conflict affected situations,FCS,2019,62.1942490425375
Finland,FIN,2010,79.719512195122
Finland,FIN,2011,79.8707317073171
Finland,FIN,2012,80.4707317073171
Finland,FIN,2013,80.6268292682927
Finland,FIN,2014,80.9756097560976
Finland,FIN,2015,81.1804878048781
Finland,FIN,2016,81.4804878048781
Finland,FIN,2017,81.4292682926829
Finland,FIN,2018,81.6317073170732
Finland,FIN,2019,81.7341463414634
Fiji,FJI,2010,66.559
Fiji,FJI,2011,66.655
Fiji,FJI,2012,66.759
Fiji,FJI,2013,66.859
Fiji,FJI,2014,66.95
Fiji,FJI,2015,67.03
Fiji,FJI,2016,67.103
Fiji,FJI,2017,67.175
Fiji,FJI,2018,67.252
Fiji,FJI,2019,67.341
France,FRA,2010,81.4146341463415
France,FRA,2011,81.6634146341463
France,FRA,2012,82.1146341463415
France,FRA,2013,81.9682926829268
France,FRA,2014,82.219512195122
France,FRA,2015,82.719512195122
France,FRA,2016,82.3219512195122
France,FRA,2017,82.5731707317073
France,FRA,2018,82.5756097560976
France,FRA,2019,82.7243902439024
Faroe Islands,FRO,2010,80.3878048780488
Faroe Islands,FRO,2011,80.6390243902439
Faroe Islands,FRO,2012,80.8878048780488
Faroe Islands,FRO,2013,81.090243902439
Faroe Islands,FRO,2014,81.3414634146341
Faroe Islands,FRO,2015,81.5926829268293
Faroe Islands,FRO,2016,81.8439024390244
Faroe Islands,FRO,2017,82.0439024390244
Faroe Islands,FRO,2018,82.2951219512195
Faroe Islands,FRO,2019,82.4951219512195
Micronesia, Fed. Sts.,2010,66.099
Micronesia, Fed. Sts.,2011,66.29
Micronesia, Fed. Sts.,2012,66.471
Micronesia, Fed. Sts.,2013,66.646
Micronesia, Fed. Sts.,2014,66.817
Micronesia, Fed. Sts.,2015,66.986
Micronesia, Fed. Sts.,2016,67.152
Micronesia, Fed. Sts.,2017,67.315
Micronesia, Fed. Sts.,2018,67.471
Micronesia, Fed. Sts.,2019,67.618
Gabon,GAB,2010,60.637
Gabon,GAB,2011,61.4
Gabon,GAB,2012,62.168
Gabon,GAB,2013,62.924
Gabon,GAB,2014,63.648
Gabon,GAB,2015,64.318
Gabon,GAB,2016,64.913
Gabon,GAB,2017,65.418
Gabon,GAB,2018,65.839
Gabon,GAB,2019,66.187
United Kingdom,GBR,2010,80.0512195121951
United Kingdom,GBR,2011,80.4024390243902
United Kingdom,GBR,2012,80.9512195121951
United Kingdom,GBR,2013,80.9048780487805
United Kingdom,GBR,2014,81.0048780487805
United Kingdom,GBR,2015,81.3048780487805
United Kingdom,GBR,2016,80.9560975609756
United Kingdom,GBR,2017,81.1560975609756
United Kingdom,GBR,2018,81.2560975609756
United Kingdom,GBR,2019,81.2560975609756
Georgia,GEO,2010,71.18
Georgia,GEO,2011,71.46
Georgia,GEO,2012,71.773
Georgia,GEO,2013,72.097
Georgia,GEO,2014,72.412
Georgia,GEO,2015,72.707
Georgia,GEO,2016,72.973
Georgia,GEO,2017,73.207
Georgia,GEO,2018,73.414
Georgia,GEO,2019,73.6
Ghana,GHA,2010,60.645
Ghana,GHA,2011,61.03
Ghana,GHA,2012,61.381
Ghana,GHA,2013,61.72
Ghana,GHA,2014,62.064
Ghana,GHA,2015,62.416
Ghana,GHA,2016,62.772
Ghana,GHA,2017,63.124
Ghana,GHA,2018,63.463
Ghana,GHA,2019,63.78
Gibraltar,GIB,2010,
Gibraltar,GIB,2011,
Gibraltar,GIB,2012,
Gibraltar,GIB,2013,
Gibraltar,GIB,2014,
Gibraltar,GIB,2015,
Gibraltar,GIB,2016,
Gibraltar,GIB,2017,
Gibraltar,GIB,2018,
Gibraltar,GIB,2019,
Guinea,GIN,2010,56.279
Guinea,GIN,2011,56.861
Guinea,GIN,2012,57.387
Guinea,GIN,2013,57.905
Guinea,GIN,2014,58.447
Guinea,GIN,2015,59.016
Guinea,GIN,2016,59.598
Guinea,GIN,2017,60.17
Guinea,GIN,2018,60.706
Guinea,GIN,2019,61.185
Gambia, The,2010,59.012
Gambia, The,2011,59.334
Gambia, The,2012,59.637
Gambia, The,2013,59.917
Gambia, The,2014,60.178
Gambia, The,2015,60.426
Gambia, The,2016,60.667
Gambia, The,2017,60.91
Gambia, The,2018,61.166
Gambia, The,2019,61.44
Guinea-Bissau,GNB,2010,54.113
Guinea-Bissau,GNB,2011,54.628
Guinea-Bissau,GNB,2012,55.144
Guinea-Bissau,GNB,2013,55.645
Guinea-Bissau,GNB,2014,56.117
Guinea-Bissau,GNB,2015,56.556
Guinea-Bissau,GNB,2016,56.959
Guinea-Bissau,GNB,2017,57.328
Guinea-Bissau,GNB,2018,57.673
Guinea-Bissau,GNB,2019,58.003
Equatorial Guinea,GNQ,2010,55.329
Equatorial Guinea,GNQ,2011,55.622
Equatorial Guinea,GNQ,2012,55.945
Equatorial Guinea,GNQ,2013,56.288
Equatorial Guinea,GNQ,2014,56.642
Equatorial Guinea,GNQ,2015,57.001
Equatorial Guinea,GNQ,2016,57.359
Equatorial Guinea,GNQ,2017,57.713
Equatorial Guinea,GNQ,2018,58.061
Equatorial Guinea,GNQ,2019,58.402
Greece,GRC,2010,80.1878048780488
Greece,GRC,2011,80.3878048780488
Greece,GRC,2012,80.7317073170732
Greece,GRC,2013,80.6341463414634
Greece,GRC,2014,81.2853658536585
Greece,GRC,2015,81.3853658536585
Greece,GRC,2016,81.0365853658537
Greece,GRC,2017,81.3878048780488
Greece,GRC,2018,81.2878048780488
Greece,GRC,2019,81.7878048780488
Grenada,GRD,2010,72.96
Grenada,GRD,2011,72.867
Grenada,GRD,2012,72.768
Grenada,GRD,2013,72.669
Grenada,GRD,2014,72.579
Grenada,GRD,2015,72.503
Grenada,GRD,2016,72.445
Grenada,GRD,2017,72.408
Grenada,GRD,2018,72.388
Grenada,GRD,2019,72.384
Greenland,GRL,2010,70.4678048780488
Greenland,GRL,2011,70.8570731707317
Greenland,GRL,2012,71.0624390243902
Greenland,GRL,2013,71.2990243902439
Greenland,GRL,2014,71.8304878048781
Greenland,GRL,2015,71.5384146341463
Greenland,GRL,2016,71.2463414634146
Greenland,GRL,2017,70.8487804878049
Greenland,GRL,2018,70.6224390243903
Greenland,GRL,2019,
Guatemala,GTM,2010,71.108
Guatemala,GTM,2011,71.481
Guatemala,GTM,2012,71.861
Guatemala,GTM,2013,72.236
Guatemala,GTM,2014,72.596
Guatemala,GTM,2015,72.935
Guatemala,GTM,2016,73.25
Guatemala,GTM,2017,73.541
Guatemala,GTM,2018,73.81
Guatemala,GTM,2019,74.063
Guam,GUM,2010,77.71
Guam,GUM,2011,77.941
Guam,GUM,2012,78.173
Guam,GUM,2013,78.408
Guam,GUM,2014,78.649
Guam,GUM,2015,78.895
Guam,GUM,2016,79.144
Guam,GUM,2017,79.391
Guam,GUM,2018,79.631
Guam,GUM,2019,79.859
Guyana,GUY,2010,67.792
Guyana,GUY,2011,68.059
Guyana,GUY,2012,68.321
Guyana,GUY,2013,68.575
Guyana,GUY,2014,68.819
Guyana,GUY,2015,69.049
Guyana,GUY,2016,69.262
Guyana,GUY,2017,69.454
Guyana,GUY,2018,69.624
Guyana,GUY,2019,69.774
High income,HIC,2010,79.6465869145472
High income,HIC,2011,79.826213187919
High income,HIC,2012,80.0677661459816
High income,HIC,2013,80.1867739417046
High income,HIC,2014,80.3647818606086
High income,HIC,2015,80.6233912804085
High income,HIC,2016,80.4985192820744
High income,HIC,2017,80.6438643337737
High income,HIC,2018,80.6843643551024
High income,HIC,2019,80.7873397628661
Hong Kong SAR, China,2010,82.3756097560976
Hong Kong SAR, China,2011,82.7756097560976
Hong Kong SAR, China,2012,82.9780487804878
Hong Kong SAR, China,2013,83.4219512195122
Hong Kong SAR, China,2014,83.4804878048781
Hong Kong SAR, China,2015,83.8317073170732
Hong Kong SAR, China,2016,83.9804878048781
Hong Kong SAR, China,2017,84.2780487804878
Hong Kong SAR, China,2018,84.2268292682927
Hong Kong SAR, China,2019,84.6804878048781
Honduras,HND,2010,73.061
Honduras,HND,2011,73.317
Honduras,HND,2012,73.569
Honduras,HND,2013,73.814
Honduras,HND,2014,74.051
Honduras,HND,2015,74.278
Honduras,HND,2016,74.495
Honduras,HND,2017,74.701
Honduras,HND,2018,74.898
Honduras,HND,2019,75.088
Heavily indebted poor countries (HIPC),HPC,2010,58.1582238879808
Heavily indebted poor countries (HIPC),HPC,2011,58.858947453848
Heavily indebted poor countries (HIPC),HPC,2012,59.5288710181395
Heavily indebted poor countries (HIPC),HPC,2013,60.1665653506572
Heavily indebted poor countries (HIPC),HPC,2014,60.7703353293467
Heavily indebted poor countries (HIPC),HPC,2015,61.3343141341414
Heavily indebted poor countries (HIPC),HPC,2016,61.8529528922159
Heavily indebted poor countries (HIPC),HPC,2017,62.3232846447189
Heavily indebted poor countries (HIPC),HPC,2018,62.748671772017
Heavily indebted poor countries (HIPC),HPC,2019,63.1349911561301
Croatia,HRV,2010,76.1682926829268
Croatia,HRV,2011,76.4756097560976
Croatia,HRV,2012,76.7756097560976
Croatia,HRV,2013,76.9243902439024
Croatia,HRV,2014,77.1268292682927
Croatia,HRV,2015,77.4780487804878
Croatia,HRV,2016,77.2756097560976
Croatia,HRV,2017,78.0219512195122
Croatia,HRV,2018,77.8268292682927
Croatia,HRV,2019,78.0707317073171
Haiti,HTI,2010,60.148
Haiti,HTI,2011,60.511
Haiti,HTI,2012,60.879
Haiti,HTI,2013,61.26
Haiti,HTI,2014,61.658
Haiti,HTI,2015,62.069
Haiti,HTI,2016,62.485
Haiti,HTI,2017,62.896
Haiti,HTI,2018,63.29
Haiti,HTI,2019,63.66
Hungary,HUN,2010,73.9048780487805
Hungary,HUN,2011,74.2073170731707
Hungary,HUN,2012,74.8585365853659
Hungary,HUN,2013,75.0634146341463
Hungary,HUN,2014,75.5658536585366
Hungary,HUN,2015,75.7634146341463
Hungary,HUN,2016,75.5682926829269
Hungary,HUN,2017,76.0634146341464
Hungary,HUN,2018,75.8170731707317
Hungary,HUN,2019,76.0658536585366
IBRD only,IBD,2010,70.8325221591266
IBRD only,IBD,2011,71.1615406467232
IBRD only,IBD,2012,71.5094236450719
IBRD only,IBD,2013,71.8272638737289
IBRD only,IBD,2014,72.1422028189888
IBRD only,IBD,2015,72.427290111634
IBRD only,IBD,2016,72.6961955764925
IBRD only,IBD,2017,72.9550952588959
IBRD only,IBD,2018,73.2006605462945
IBRD only,IBD,2019,73.4050029958357
IDA & IBRD total,IBT,2010,68.419076145055
IDA & IBRD total,IBT,2011,68.7681398950527
IDA & IBRD total,IBT,2012,69.1268154026063
IDA & IBRD total,IBT,2013,69.4579785926443
IDA & IBRD total,IBT,2014,69.7823200178498
IDA & IBRD total,IBT,2015,70.0786546693373
IDA & IBRD total,IBT,2016,70.356212046473
IDA & IBRD total,IBT,2017,70.6189888958042
IDA & IBRD total,IBT,2018,70.8644879189987
IDA & IBRD total,IBT,2019,71.0718835796461
IDA total,IDA,2010,60.4882221428161
IDA total,IDA,2011,61.0070203366033
IDA total,IDA,2012,61.5000454157995
IDA total,IDA,2013,61.967886284461
IDA total,IDA,2014,62.4138538230565
IDA total,IDA,2015,62.8366569265911
IDA total,IDA,2016,63.2326805583382
IDA total,IDA,2017,63.5991845295265
IDA total,IDA,2018,63.9367616770714
IDA total,IDA,2019,64.2481797662746
IDA blend,IDB,2010,58.7306472130902
IDA blend,IDB,2011,59.2083537677462
IDA blend,IDB,2012,59.6646216744738
IDA blend,IDB,2013,60.093254219475
IDA blend,IDB,2014,60.5041768554014
IDA blend,IDB,2015,60.8936939555635
IDA blend,IDB,2016,61.2562787071839
IDA blend,IDB,2017,61.587965839819
IDA blend,IDB,2018,61.8891292033631
IDA blend,IDB,2019,62.1618673864433
Indonesia,IDN,2010,68.853
Indonesia,IDN,2011,69.205
Indonesia,IDN,2012,69.542
Indonesia,IDN,2013,69.866
Indonesia,IDN,2014,70.179
Indonesia,IDN,2015,70.481
Indonesia,IDN,2016,70.768
Indonesia,IDN,2017,71.035
Indonesia,IDN,2018,71.282
Indonesia,IDN,2019,71.509
IDA only,IDX,2010,61.3677978157797
IDA only,IDX,2011,61.9090511772927
IDA only,IDX,2012,62.4225500798024
IDA only,IDX,2013,62.9115848842873
IDA only,IDX,2014,63.376744920076
IDA only,IDX,2015,63.8178044674466
IDA only,IDX,2016,64.2319290567546
IDA only,IDX,2017,64.6168978896782
IDA only,IDX,2018,64.9733895501211
IDA only,IDX,2019,65.3045620346065
Isle of Man,IMN,2010,
Isle of Man,IMN,2011,
Isle of Man,IMN,2012,
Isle of Man,IMN,2013,
Isle of Man,IMN,2014,
Isle of Man,IMN,2015,
Isle of Man,IMN,2016,
Isle of Man,IMN,2017,
Isle of Man,IMN,2018,
Isle of Man,IMN,2019,
India,IND,2010,66.244
India,IND,2011,66.693
India,IND,2012,67.13
India,IND,2013,67.545
India,IND,2014,67.931
India,IND,2015,68.286
India,IND,2016,68.607
India,IND,2017,68.897
India,IND,2018,69.165
India,IND,2019,69.416
Not classified,INX,2010,
Not classified,INX,2011,
Not classified,INX,2012,
Not classified,INX,2013,
Not classified,INX,2014,
Not classified,INX,2015,
Not classified,INX,2016,
Not classified,INX,2017,
Not classified,INX,2018,
Not classified,INX,2019,
Ireland,IRL,2010,80.190243902439
Ireland,IRL,2011,80.7439024390244
Ireland,IRL,2012,80.7463414634146
Ireland,IRL,2013,80.8463414634146
Ireland,IRL,2014,80.9487804878049
Ireland,IRL,2015,81.3487804878049
Ireland,IRL,2016,81.4536585365854
Ireland,IRL,2017,81.6536585365854
Ireland,IRL,2018,82.1560975609756
Ireland,IRL,2019,82.2560975609756
Iran, Islamic Rep.,2010,73.027
Iran, Islamic Rep.,2011,73.457
Iran, Islamic Rep.,2012,73.905
Iran, Islamic Rep.,2013,74.352
Iran, Islamic Rep.,2014,74.776
Iran, Islamic Rep.,2015,75.162
Iran, Islamic Rep.,2016,75.502
Iran, Islamic Rep.,2017,75.796
Iran, Islamic Rep.,2018,76.047
Iran, Islamic Rep.,2019,76.271
Iraq,IRQ,2010,68.34
Iraq,IRQ,2011,68.567
Iraq,IRQ,2012,68.848
Iraq,IRQ,2013,69.148
Iraq,IRQ,2014,69.437
Iraq,IRQ,2015,69.7
Iraq,IRQ,2016,69.929
Iraq,IRQ,2017,70.122
Iraq,IRQ,2018,70.294
Iraq,IRQ,2019,70.454
Iceland,ISL,2010,81.7512195121951
Iceland,ISL,2011,81.8975609756097
Iceland,ISL,2012,82.3585365853659
Iceland,ISL,2013,82.9170731707317
Iceland,ISL,2014,82.0609756097561
Iceland,ISL,2015,82.8609756097561
Iceland,ISL,2016,82.4682926829268
Iceland,ISL,2017,82.2048780487805
Iceland,ISL,2018,82.6609756097561
Iceland,ISL,2019,82.8609756097561
Israel,ISR,2010,81.4048780487805
Israel,ISR,2011,81.6024390243903
Israel,ISR,2012,81.6560975609756
Israel,ISR,2013,81.7048780487805
Israel,ISR,2014,82.0560975609756
Israel,ISR,2015,82.1536585365854
Israel,ISR,2016,82.0512195121951
Israel,ISR,2017,82.4073170731707
Israel,ISR,2018,82.5512195121951
Israel,ISR,2019,82.8024390243903
Italy,ITA,2010,81.6365853658537
Italy,ITA,2011,82.0365853658537
Italy,ITA,2012,82.1878048780488
Italy,ITA,2013,82.2390243902439
Italy,ITA,2014,82.690243902439
Italy,ITA,2015,83.090243902439
Italy,ITA,2016,82.5439024390244
Italy,ITA,2017,83.2439024390244
Italy,ITA,2018,82.9463414634147
Italy,ITA,2019,83.3463414634146
Jamaica,JAM,2010,74.071
Jamaica,JAM,2011,74.038
Jamaica,JAM,2012,74.012
Jamaica,JAM,2013,74.001
Jamaica,JAM,2014,74.01
Jamaica,JAM,2015,74.042
Jamaica,JAM,2016,74.098
Jamaica,JAM,2017,74.175
Jamaica,JAM,2018,74.267
Jamaica,JAM,2019,74.368
Jordan,JOR,2010,73.266
Jordan,JOR,2011,73.428
Jordan,JOR,2012,73.581
Jordan,JOR,2013,73.722
Jordan,JOR,2014,73.851
Jordan,JOR,2015,73.969
Jordan,JOR,2016,74.078
Jordan,JOR,2017,74.184
Jordan,JOR,2018,74.292
Jordan,JOR,2019,74.405
Japan,JPN,2010,82.9314634146342
Japan,JPN,2011,82.8426829268293
Japan,JPN,2012,82.5912195121951
Japan,JPN,2013,83.0960975609756
Japan,JPN,2014,83.3319512195122
Japan,JPN,2015,83.5878048780488
Japan,JPN,2016,83.7939024390244
Japan,JPN,2017,83.9848780487805
Japan,JPN,2018,84.099756097561
Japan,JPN,2019,84.2109756097561
Kazakhstan,KAZ,2010,68.39
Kazakhstan,KAZ,2011,68.45
Kazakhstan,KAZ,2012,68.69
Kazakhstan,KAZ,2013,69.52
Kazakhstan,KAZ,2014,70.62
Kazakhstan,KAZ,2015,71.44
Kazakhstan,KAZ,2016,71.97
Kazakhstan,KAZ,2017,72.41
Kazakhstan,KAZ,2018,72.95
Kazakhstan,KAZ,2019,73.15
Kenya,KEN,2010,59.932
Kenya,KEN,2011,60.959
Kenya,KEN,2012,61.851
Kenya,KEN,2013,62.659
Kenya,KEN,2014,63.419
Kenya,KEN,2015,64.135
Kenya,KEN,2016,64.798
Kenya,KEN,2017,65.393
Kenya,KEN,2018,65.909
Kenya,KEN,2019,66.342
Kyrgyz Republic,KGZ,2010,69.1024390243903
Kyrgyz Republic,KGZ,2011,69.3
Kyrgyz Republic,KGZ,2012,69.6024390243903
Kyrgyz Republic,KGZ,2013,70.0024390243902
Kyrgyz Republic,KGZ,2014,70.2024390243902
Kyrgyz Republic,KGZ,2015,70.4024390243902
Kyrgyz Republic,KGZ,2016,70.6512195121951
Kyrgyz Republic,KGZ,2017,70.9512195121951
Kyrgyz Republic,KGZ,2018,71.2
Kyrgyz Republic,KGZ,2019,71.4
Cambodia,KHM,2010,66.014
Cambodia,KHM,2011,66.56
Cambodia,KHM,2012,67.043
Cambodia,KHM,2013,67.48
Cambodia,KHM,2014,67.888
Cambodia,KHM,2015,68.273
Cambodia,KHM,2016,68.637
Cambodia,KHM,2017,68.977
Cambodia,KHM,2018,69.289
Cambodia,KHM,2019,69.57
Kiribati,KIR,2010,65.48
Kiribati,KIR,2011,65.769
Kiribati,KIR,2012,66.072
Kiribati,KIR,2013,66.381
Kiribati,KIR,2014,66.69
Kiribati,KIR,2015,66.995
Kiribati,KIR,2016,67.291
Kiribati,KIR,2017,67.577
Kiribati,KIR,2018,67.851
Kiribati,KIR,2019,68.116
St. Kitts and Nevis,KNA,2010,
St. Kitts and Nevis,KNA,2011,
St. Kitts and Nevis,KNA,2012,
St. Kitts and Nevis,KNA,2013,
St. Kitts and Nevis,KNA,2014,
St. Kitts and Nevis,KNA,2015,
St. Kitts and Nevis,KNA,2016,
St. Kitts and Nevis,KNA,2017,
St. Kitts and Nevis,KNA,2018,
St. Kitts and Nevis,KNA,2019,
Korea, Rep.,2010,79.5170731707317
Korea, Rep.,2011,79.9682926829268
Korea, Rep.,2012,80.1170731707317
Korea, Rep.,2013,80.5682926829269
Korea, Rep.,2014,80.819512195122
Korea, Rep.,2015,81.2707317073171
Korea, Rep.,2016,81.7219512195122
Korea, Rep.,2017,82.0243902439024
Korea, Rep.,2018,82.2756097560976
Korea, Rep.,2019,82.6268292682927
Kuwait,KWT,2010,74.162
Kuwait,KWT,2011,74.358
Kuwait,KWT,2012,74.55
Kuwait,KWT,2013,74.728
Kuwait,KWT,2014,74.885
Kuwait,KWT,2015,75.019
Kuwait,KWT,2016,75.13
Kuwait,KWT,2017,75.224
Kuwait,KWT,2018,75.311
Kuwait,KWT,2019,75.398
Latin America & Caribbean (excluding high income),LAC,2010,73.752022513532
Latin America & Caribbean (excluding high income),LAC,2011,73.9542862927895
Latin America & Caribbean (excluding high income),LAC,2012,74.1519774706757
Latin America & Caribbean (excluding high income),LAC,2013,74.3450575322298
Latin America & Caribbean (excluding high income),LAC,2014,74.5332393242925
Latin America & Caribbean (excluding high income),LAC,2015,74.7179968265961
Latin America & Caribbean (excluding high income),LAC,2016,74.899449258895
Latin America & Caribbean (excluding high income),LAC,2017,75.0770074666891
Latin America & Caribbean (excluding high income),LAC,2018,75.2516345319507
Latin America & Caribbean (excluding high income),LAC,2019,75.4225013698511
Lao PDR,LAO,2010,63.797
Lao PDR,LAO,2011,64.306
Lao PDR,LAO,2012,64.797
Lao PDR,LAO,2013,65.267
Lao PDR,LAO,2014,65.717
Lao PDR,LAO,2015,66.144
Lao PDR,LAO,2016,66.546
Lao PDR,LAO,2017,66.924
Lao PDR,LAO,2018,67.277
Lao PDR,LAO,2019,67.61
Lebanon,LBN,2010,78.161
Lebanon,LBN,2011,78.36
Lebanon,LBN,2012,78.507
Lebanon,LBN,2013,78.611
Lebanon,LBN,2014,78.683
Lebanon,LBN,2015,78.732
Lebanon,LBN,2016,78.768
Lebanon,LBN,2017,78.8
Lebanon,LBN,2018,78.833
Lebanon,LBN,2019,78.875
Liberia,LBR,2010,58.971
Liberia,LBR,2011,59.6
Liberia,LBR,2012,60.146
Liberia,LBR,2013,60.663
Liberia,LBR,2014,61.186
Liberia,LBR,2015,61.723
Liberia,LBR,2016,62.269
Liberia,LBR,2017,62.802
Liberia,LBR,2018,63.295
Liberia,LBR,2019,63.73
Libya,LBY,2010,72.129
Libya,LBY,2011,72.044
Libya,LBY,2012,71.956
Libya,LBY,2013,71.901
Libya,LBY,2014,71.907
Libya,LBY,2015,71.981
Libya,LBY,2016,72.121
Libya,LBY,2017,72.311
Libya,LBY,2018,72.52
Libya,LBY,2019,72.724
St. Lucia,LCA,2010,74.712
St. Lucia,LCA,2011,74.852
St. Lucia,LCA,2012,74.993
St. Lucia,LCA,2013,75.138
St. Lucia,LCA,2014,75.286
St. Lucia,LCA,2015,75.44
St. Lucia,LCA,2016,75.596
St. Lucia,LCA,2017,75.752
St. Lucia,LCA,2018,75.907
St. Lucia,LCA,2019,76.057
Latin America & Caribbean,LCN,2010,73.9041864986615
Latin America & Caribbean,LCN,2011,74.0972202511906
Latin America & Caribbean,LCN,2012,74.2831175178127
Latin America & Caribbean,LCN,2013,74.4614544439901
Latin America & Caribbean,LCN,2014,74.632797924154
Latin America & Caribbean,LCN,2015,74.7990465003133
Latin America & Caribbean,LCN,2016,74.9616876443859
Latin America & Caribbean,LCN,2017,75.1220231779781
Latin America & Caribbean,LCN,2018,75.2820866077559
Latin America & Caribbean,LCN,2019,75.4408494044772
Least developed countries: UN classification,LDC,2010,60.7830147073651
Least developed countries: UN classification,LDC,2011,61.3889339064888
Least developed countries: UN classification,LDC,2012,61.9674172416571
Least developed countries: UN classification,LDC,2013,62.5153218973951
Least developed countries: UN classification,LDC,2014,63.0304603394915
Least developed countries: UN classification,LDC,2015,63.5090319061844
Least developed countries: UN classification,LDC,2016,63.947777333414
Least developed countries: UN classification,LDC,2017,64.3458296371694
Least developed countries: UN classification,LDC,2018,64.7078616148967
Least developed countries: UN classification,LDC,2019,65.0398012378038
Low income,LIC,2010,59.1378320698608
Low income,LIC,2011,59.7397397114906
Low income,LIC,2012,60.3002394036695
Low income,LIC,2013,60.8265642978128
Low income,LIC,2014,61.3246035798279
Low income,LIC,2015,61.7945941642484
Low income,LIC,2016,62.2353988306971
Low income,LIC,2017,62.6458718838357
Low income,LIC,2018,63.0281199479663
Low income,LIC,2019,63.3874993839884
Liechtenstein,LIE,2010,81.5
Liechtenstein,LIE,2011,81.8414634146342
Liechtenstein,LIE,2012,81.7926829268293
Liechtenstein,LIE,2013,82.3829268292683
Liechtenstein,LIE,2014,82.2609756097561
Liechtenstein,LIE,2015,82.0731707317073
Liechtenstein,LIE,2016,82.6560975609756
Liechtenstein,LIE,2017,82.2585365853659
Liechtenstein,LIE,2018,83.7463414634147
Liechtenstein,LIE,2019,83.0414634146342
Sri Lanka,LKA,2010,75.286
Sri Lanka,LKA,2011,75.439
Sri Lanka,LKA,2012,75.614
Sri Lanka,LKA,2013,75.796
Sri Lanka,LKA,2014,75.974
Sri Lanka,LKA,2015,76.147
Sri Lanka,LKA,2016,76.316
Sri Lanka,LKA,2017,76.482
Sri Lanka,LKA,2018,76.648
Sri Lanka,LKA,2019,76.812
Lower middle income,LMC,2010,65.9570768220859
Lower middle income,LMC,2011,66.3721585239513
Lower middle income,LMC,2012,66.7663050341972
Lower middle income,LMC,2013,67.136205351818
Lower middle income,LMC,2014,67.4867179415325
Lower middle income,LMC,2015,67.8115066145115
Lower middle income,LMC,2016,68.1100477337652
Lower middle income,LMC,2017,68.3865324929242
Lower middle income,LMC,2018,68.6411330020556
Lower middle income,LMC,2019,68.8696371531745
Low & middle income,LMY,2010,68.3304855198214
Low & middle income,LMY,2011,68.6806222951055
Low & middle income,LMY,2012,69.0414792010121
Low & middle income,LMY,2013,69.3775382911423
Low & middle income,LMY,2014,69.7055269830212
Low & middle income,LMY,2015,70.0029899892461
Low & middle income,LMY,2016,70.286533124493
Low & middle income,LMY,2017,70.5508693014677
Low & middle income,LMY,2018,70.8011654553199
Low & middle income,LMY,2019,71.0126873326864
Lesotho,LSO,2010,44.146
Lesotho,LSO,2011,45.1
Lesotho,LSO,2012,46.207
Lesotho,LSO,2013,47.416
Lesotho,LSO,2014,48.663
Lesotho,LSO,2015,49.891
Lesotho,LSO,2016,51.038
Lesotho,LSO,2017,52.059
Lesotho,LSO,2018,52.947
Lesotho,LSO,2019,53.705
Late-demographic dividend,LTE,2010,73.7030766456064
Late-demographic dividend,LTE,2011,73.9834129812585
Late-demographic dividend,LTE,2012,74.3173253397041
Late-demographic dividend,LTE,2013,74.6091830536044
Late-demographic dividend,LTE,2014,74.9180862756986
Late-demographic dividend,LTE,2015,75.198080177383
Late-demographic dividend,LTE,2016,75.4709731462364
Late-demographic dividend,LTE,2017,75.7464349716241
Late-demographic dividend,LTE,2018,76.015442588935
Late-demographic dividend,LTE,2019,76.2247835264612
Lithuania,LTU,2010,72.9146341463415
Lithuania,LTU,2011,73.2682926829268
Lithuania,LTU,2012,73.5634146341464
Lithuania,LTU,2013,73.8634146341464
Lithuania,LTU,2014,73.9146341463415
Lithuania,LTU,2015,74.5170731707317
Lithuania,LTU,2016,74.3219512195122
Lithuania,LTU,2017,74.6707317073171
Lithuania,LTU,2018,75.4804878048781
Lithuania,LTU,2019,75.6804878048781
Luxembourg,LUX,2010,80.6365853658537
Luxembourg,LUX,2011,80.6317073170732
Luxembourg,LUX,2012,80.9878048780488
Luxembourg,LUX,2013,81.3926829268293
Luxembourg,LUX,2014,81.8
Luxembourg,LUX,2015,82.2292682926829
Luxembourg,LUX,2016,82.2926829268293
Luxembourg,LUX,2017,82.6853658536585
Luxembourg,LUX,2018,82.0951219512195
Luxembourg,LUX,2019,82.2951219512195
Latvia,LVA,2010,73.0804878048781
Latvia,LVA,2011,73.4829268292683
Latvia,LVA,2012,73.5756097560976
Latvia,LVA,2013,73.7780487804878
Latvia,LVA,2014,73.9829268292683
Latvia,LVA,2015,74.1243902439024
Latvia,LVA,2016,74.4804878048781
Latvia,LVA,2017,74.580487804878
Latvia,LVA,2018,74.6292682926829
Latvia,LVA,2019,74.7829268292683
Macao SAR, China,2010,82.22
Macao SAR, China,2011,82.462
Macao SAR, China,2012,82.704
Macao SAR, China,2013,82.938
Macao SAR, China,2014,83.158
Macao SAR, China,2015,83.361
Macao SAR, China,2016,83.543
Macao SAR, China,2017,83.707
Macao SAR, China,2018,83.854
Macao SAR, China,2019,83.989
St. Martin (French part),MAF,2010,78.3731707317073
St. Martin (French part),MAF,2011,78.5219512195122
St. Martin (French part),MAF,2012,78.7219512195122
St. Martin (French part),MAF,2013,78.8731707317073
St. Martin (French part),MAF,2014,79.0219512195122
St. Martin (French part),MAF,2015,79.1731707317073
St. Martin (French part),MAF,2016,79.3219512195122
St. Martin (French part),MAF,2017,79.5219512195122
St. Martin (French part),MAF,2018,79.6219512195122
St. Martin (French part),MAF,2019,79.8219512195122
Morocco,MAR,2010,74.003
Morocco,MAR,2011,74.382
Morocco,MAR,2012,74.696
Morocco,MAR,2013,74.97
Morocco,MAR,2014,75.227
Morocco,MAR,2015,75.477
Morocco,MAR,2016,75.726
Morocco,MAR,2017,75.974
Morocco,MAR,2018,76.218
Morocco,MAR,2019,76.453
Monaco,MCO,2010,
Monaco,MCO,2011,
Monaco,MCO,2012,
Monaco,MCO,2013,
Monaco,MCO,2014,
Monaco,MCO,2015,
Monaco,MCO,2016,
Monaco,MCO,2017,
Monaco,MCO,2018,
Monaco,MCO,2019,
Moldova,MDA,2010,69.119
Moldova,MDA,2011,69.616
Moldova,MDA,2012,70.119
Moldova,MDA,2013,70.581
Moldova,MDA,2014,70.968
Moldova,MDA,2015,71.267
Moldova,MDA,2016,71.478
Moldova,MDA,2017,71.617
Moldova,MDA,2018,71.717
Moldova,MDA,2019,71.808
Madagascar,MDG,2010,62.944
Madagascar,MDG,2011,63.388
Madagascar,MDG,2012,63.836
Madagascar,MDG,2013,64.28
Madagascar,MDG,2014,64.713
Madagascar,MDG,2015,65.133
Madagascar,MDG,2016,65.539
Madagascar,MDG,2017,65.931
Madagascar,MDG,2018,66.311
Madagascar,MDG,2019,66.681
Maldives,MDV,2010,75.499
Maldives,MDV,2011,75.905
Maldives,MDV,2012,76.293
Maldives,MDV,2013,76.664
Maldives,MDV,2014,77.018
Maldives,MDV,2015,77.36
Maldives,MDV,2016,77.691
Maldives,MDV,2017,78.013
Maldives,MDV,2018,78.325
Maldives,MDV,2019,78.627
Middle East & North Africa,MEA,2010,72.3259940380371
Middle East & North Africa,MEA,2011,72.5391836226179
Middle East & North Africa,MEA,2012,72.7374924061445
Middle East & North Africa,MEA,2013,72.931661173815
Middle East & North Africa,MEA,2014,73.1323973194867
Middle East & North Africa,MEA,2015,73.3264377801142
Middle East & North Africa,MEA,2016,73.5148446917032
Middle East & North Africa,MEA,2017,73.7107710168387
Middle East & North Africa,MEA,2018,73.8998180588421
Middle East & North Africa,MEA,2019,74.0888330897789
Mexico,MEX,2010,75.128
Mexico,MEX,2011,75.065
Mexico,MEX,2012,75.011
Mexico,MEX,2013,74.966
Mexico,MEX,2014,74.93
Mexico,MEX,2015,74.908
Mexico,MEX,2016,74.904
Mexico,MEX,2017,74.917
Mexico,MEX,2018,74.947
Mexico,MEX,2019,74.992
Marshall Islands,MHL,2010,
Marshall Islands,MHL,2011,
Marshall Islands,MHL,2012,
Marshall Islands,MHL,2013,
Marshall Islands,MHL,2014,
Marshall Islands,MHL,2015,
Marshall Islands,MHL,2016,
Marshall Islands,MHL,2017,
Marshall Islands,MHL,2018,
Marshall Islands,MHL,2019,
Middle income,MIC,2010,69.2206342856758
Middle income,MIC,2011,69.5597501352669
Middle income,MIC,2012,69.9136160341661
Middle income,MIC,2013,70.2427865801513
Middle income,MIC,2014,70.5652927985859
Middle income,MIC,2015,70.8567291205715
Middle income,MIC,2016,71.1357671983716
Middle income,MIC,2017,71.3966871625879
Middle income,MIC,2018,71.6450335323417
Middle income,MIC,2019,71.8531277650244
North Macedonia,MKD,2010,74.484
North Macedonia,MKD,2011,74.662
North Macedonia,MKD,2012,74.846
North Macedonia,MKD,2013,75.019
North Macedonia,MKD,2014,75.171
North Macedonia,MKD,2015,75.299
North Macedonia,MKD,2016,75.406
North Macedonia,MKD,2017,75.498
North Macedonia,MKD,2018,75.589
North Macedonia,MKD,2019,75.688
Mali,MLI,2010,54.756
Mali,MLI,2011,55.251
Mali,MLI,2012,55.701
Mali,MLI,2013,56.135
Mali,MLI,2014,56.578
Mali,MLI,2015,57.036
Mali,MLI,2016,57.509
Mali,MLI,2017,57.987
Mali,MLI,2018,58.452
Mali,MLI,2019,58.893
Malta,MLT,2010,80.2414634146342
Malta,MLT,2011,81.3975609756098
Malta,MLT,2012,80.7463414634146
Malta,MLT,2013,80.7463414634146
Malta,MLT,2014,81.7463414634146
Malta,MLT,2015,82.0463414634146
Malta,MLT,2016,81.8975609756097
Malta,MLT,2017,82.4536585365854
Malta,MLT,2018,82.3463414634146
Malta,MLT,2019,82.4487804878049
Myanmar,MMR,2010,63.089
Myanmar,MMR,2011,63.525
Myanmar,MMR,2012,63.983
Myanmar,MMR,2013,64.453
Myanmar,MMR,2014,64.921
Myanmar,MMR,2015,65.378
Myanmar,MMR,2016,65.81
Myanmar,MMR,2017,66.205
Myanmar,MMR,2018,66.558
Myanmar,MMR,2019,66.867
Middle East & North Africa (excluding high income),MNA,2010,71.8098594580354
Middle East & North Africa (excluding high income),MNA,2011,72.0147009928834
Middle East & North Africa (excluding high income),MNA,2012,72.2108647960914
Middle East & North Africa (excluding high income),MNA,2013,72.4050187044012
Middle East & North Africa (excluding high income),MNA,2014,72.6023183586156
Middle East & North Africa (excluding high income),MNA,2015,72.8011669298494
Middle East & North Africa (excluding high income),MNA,2016,73.0002960434491
Middle East & North Africa (excluding high income),MNA,2017,73.1981752842958
Middle East & North Africa (excluding high income),MNA,2018,73.3942152265809
Middle East & North Africa (excluding high income),MNA,2019,73.5873387037914
Montenegro,MNE,2010,74.784
Montenegro,MNE,2011,75.151
Montenegro,MNE,2012,75.505
Montenegro,MNE,2013,75.823
Montenegro,MNE,2014,76.089
Montenegro,MNE,2015,76.297
Montenegro,MNE,2016,76.452
Montenegro,MNE,2017,76.568
Montenegro,MNE,2018,76.667
Montenegro,MNE,2019,76.77
Mongolia,MNG,2010,66.916
Mongolia,MNG,2011,67.38
Mongolia,MNG,2012,67.818
Mongolia,MNG,2013,68.217
Mongolia,MNG,2014,68.566
Mongolia,MNG,2015,68.863
Mongolia,MNG,2016,69.111
Mongolia,MNG,2017,69.321
Mongolia,MNG,2018,69.509
Mongolia,MNG,2019,69.689
Northern Mariana Islands,MNP,2010,
Northern Mariana Islands,MNP,2011,
Northern Mariana Islands,MNP,2012,
Northern Mariana Islands,MNP,2013,
Northern Mariana Islands,MNP,2014,
Northern Mariana Islands,MNP,2015,
Northern Mariana Islands,MNP,2016,
Northern Mariana Islands,MNP,2017,
Northern Mariana Islands,MNP,2018,
Northern Mariana Islands,MNP,2019,
Mozambique,MOZ,2010,51.738
Mozambique,MOZ,2011,52.31
Mozambique,MOZ,2012,53.043
Mozambique,MOZ,2013,53.931
Mozambique,MOZ,2014,54.949
Mozambique,MOZ,2015,56.062
Mozambique,MOZ,2016,57.206
Mozambique,MOZ,2017,58.309
Mozambique,MOZ,2018,59.309
Mozambique,MOZ,2019,60.163
Mauritania,MRT,2010,62.266
Mauritania,MRT,2011,62.527
Mauritania,MRT,2012,62.799
Mauritania,MRT,2013,63.079
Mauritania,MRT,2014,63.366
Mauritania,MRT,2015,63.654
Mauritania,MRT,2016,63.936
Mauritania,MRT,2017,64.208
Mauritania,MRT,2018,64.464
Mauritania,MRT,2019,64.704
Mauritius,MUS,2010,72.8824390243903
Mauritius,MUS,2011,72.9673170731707
Mauritius,MUS,2012,73.2668292682927
Mauritius,MUS,2013,73.8634146341464
Mauritius,MUS,2014,74.0170731707317
Mauritius,MUS,2015,74.1943902439024
Mauritius,MUS,2016,74.3531707317073
Mauritius,MUS,2017,74.3948780487805
Mauritius,MUS,2018,74.5146341463415
Mauritius,MUS,2019,74.4163414634146
Malawi,MWI,2010,53.888
Malawi,MWI,2011,55.564
Malawi,MWI,2012,57.161
Malawi,MWI,2013,58.629
Malawi,MWI,2014,59.931
Malawi,MWI,2015,61.042
Malawi,MWI,2016,61.953
Malawi,MWI,2017,62.681
Malawi,MWI,2018,63.279
Malawi,MWI,2019,63.798
Malaysia,MYS,2010,74.305
Malaysia,MYS,2011,74.493
Malaysia,MYS,2012,74.683
Malaysia,MYS,2013,74.877
Malaysia,MYS,2014,75.072
Malaysia,MYS,2015,75.268
Malaysia,MYS,2016,75.461
Malaysia,MYS,2017,75.649
Malaysia,MYS,2018,75.828
Malaysia,MYS,2019,75.997
North America,NAC,2010,78.6477282693838
North America,NAC,2011,78.8094555298644
North America,NAC,2012,78.9205589068046
North America,NAC,2013,79.0314779893629
North America,NAC,2014,79.0422100128331
North America,NAC,2015,79.1380829122827
North America,NAC,2016,79.012114325868
North America,NAC,2017,78.8773349028289
North America,NAC,2018,78.879092460527
North America,NAC,2019,78.9867913071173
Namibia,NAM,2010,55.207
Namibia,NAM,2011,56.665
Namibia,NAM,2012,58.085
Namibia,NAM,2013,59.387
Namibia,NAM,2014,60.513
Namibia,NAM,2015,61.425
Namibia,NAM,2016,62.119
Namibia,NAM,2017,62.625
Namibia,NAM,2018,63.021
Namibia,NAM,2019,63.373
New Caledonia,NCL,2010,76.9804878048781
New Caledonia,NCL,2011,77.2804878048781
New Caledonia,NCL,2012,76.6317073170732
New Caledonia,NCL,2013,77.0780487804878
New Caledonia,NCL,2014,77.1780487804878
New Caledonia,NCL,2015,77.2365853658537
New Caledonia,NCL,2016,77.2804878048781
New Caledonia,NCL,2017,76.9317073170732
New Caledonia,NCL,2018,77.5390243902439
New Caledonia,NCL,2019,77.4341463414634
Niger,NER,2010,56.557
Niger,NER,2011,57.333
Niger,NER,2012,58.081
Niger,NER,2013,58.79
Niger,NER,2014,59.455
Niger,NER,2015,60.07
Niger,NER,2016,60.631
Niger,NER,2017,61.137
Niger,NER,2018,61.599
Niger,NER,2019,62.024
Nigeria,NGA,2010,50.422
Nigeria,NGA,2011,50.896
Nigeria,NGA,2012,51.346
Nigeria,NGA,2013,51.786
Nigeria,NGA,2014,52.228
Nigeria,NGA,2015,52.672
Nigeria,NGA,2016,53.112
Nigeria,NGA,2017,53.541
Nigeria,NGA,2018,53.95
Nigeria,NGA,2019,54.332
Nicaragua,NIC,2010,72.167
Nicaragua,NIC,2011,72.428
Nicaragua,NIC,2012,72.692
Nicaragua,NIC,2013,72.951
Nicaragua,NIC,2014,73.197
Nicaragua,NIC,2015,73.429
Nicaragua,NIC,2016,73.649
Nicaragua,NIC,2017,73.86
Nicaragua,NIC,2018,74.068
Nicaragua,NIC,2019,74.275
Netherlands,NLD,2010,80.5487804878049
Netherlands,NLD,2011,80.7024390243902
Netherlands,NLD,2012,81.2048780487805
Netherlands,NLD,2013,81.1048780487805
Netherlands,NLD,2014,81.3048780487805
Netherlands,NLD,2015,81.7073170731707
Netherlands,NLD,2016,81.509756097561
Netherlands,NLD,2017,81.5609756097561
Netherlands,NLD,2018,81.7609756097561
Netherlands,NLD,2019,81.8121951219512
Norway,NOR,2010,80.7951219512195
Norway,NOR,2011,80.9975609756098
Norway,NOR,2012,81.2951219512195
Norway,NOR,2013,81.4512195121951
Norway,NOR,2014,81.7512195121951
Norway,NOR,2015,82.1
Norway,NOR,2016,82.3048780487805
Norway,NOR,2017,82.4073170731707
Norway,NOR,2018,82.609756097561
Norway,NOR,2019,82.7585365853659
Nepal,NPL,2010,67.178
Nepal,NPL,2011,67.611
Nepal,NPL,2012,68.028
Nepal,NPL,2013,68.426
Nepal,NPL,2014,68.806
Nepal,NPL,2015,69.168
Nepal,NPL,2016,69.515
Nepal,NPL,2017,69.848
Nepal,NPL,2018,70.169
Nepal,NPL,2019,70.478
Nauru,NRU,2010,
Nauru,NRU,2011,
Nauru,NRU,2012,
Nauru,NRU,2013,
Nauru,NRU,2014,
Nauru,NRU,2015,
Nauru,NRU,2016,
Nauru,NRU,2017,
Nauru,NRU,2018,
Nauru,NRU,2019,
New Zealand,NZL,2010,80.7024390243902
New Zealand,NZL,2011,80.7024390243902
New Zealand,NZL,2012,80.9048780487805
New Zealand,NZL,2013,81.1560975609756
New Zealand,NZL,2014,81.4073170731707
New Zealand,NZL,2015,81.4048780487805
New Zealand,NZL,2016,81.4568292682927
New Zealand,NZL,2017,81.6124390243903
New Zealand,NZL,2018,81.6585365853659
New Zealand,NZL,2019,81.8585365853659
OECD members,OED,2010,78.9769325115514
OECD members,OED,2011,79.1488871419702
OECD members,OED,2012,79.3798854072857
OECD members,OED,2013,79.4970494153111
OECD members,OED,2014,79.6619522863773
OECD members,OED,2015,79.911852680599
OECD members,OED,2016,79.8112770574603
OECD members,OED,2017,79.9602969591839
OECD members,OED,2018,80.0046055183483
OECD members,OED,2019,80.1045337094175
Oman,OMN,2010,75.44
Oman,OMN,2011,75.682
Oman,OMN,2012,75.916
Oman,OMN,2013,76.149
Oman,OMN,2014,76.388
Oman,OMN,2015,76.634
Oman,OMN,2016,76.887
Oman,OMN,2017,77.142
Oman,OMN,2018,77.393
Oman,OMN,2019,77.633
Other small states,OSS,2010,63.5615696438837
Other small states,OSS,2011,64.308843222883
Other small states,OSS,2012,65.0206330376356
Other small states,OSS,2013,65.7194648164851
Other small states,OSS,2014,66.33312677525
Other small states,OSS,2015,66.8911929438916
Other small states,OSS,2016,67.4052410693356
Other small states,OSS,2017,67.8356000568533
Other small states,OSS,2018,68.2286772592013
Other small states,OSS,2019,68.5468133901557
Pakistan,PAK,2010,64.969
Pakistan,PAK,2011,65.264
Pakistan,PAK,2012,65.562
Pakistan,PAK,2013,65.849
Pakistan,PAK,2014,66.117
Pakistan,PAK,2015,66.36
Pakistan,PAK,2016,66.577
Pakistan,PAK,2017,66.77
Pakistan,PAK,2018,66.947
Pakistan,PAK,2019,67.114
Panama,PAN,2010,76.6
Panama,PAN,2011,76.792
Panama,PAN,2012,76.989
Panama,PAN,2013,77.188
Panama,PAN,2014,77.386
Panama,PAN,2015,77.583
Panama,PAN,2016,77.776
Panama,PAN,2017,77.964
Panama,PAN,2018,78.149
Panama,PAN,2019,78.329
Peru,PER,2010,74.12
Peru,PER,2011,74.41
Peru,PER,2012,74.697
Peru,PER,2013,74.981
Peru,PER,2014,75.258
Peru,PER,2015,75.529
Peru,PER,2016,75.792
Peru,PER,2017,76.044
Peru,PER,2018,76.286
Peru,PER,2019,76.516
Philippines,PHL,2010,69.667
Philippines,PHL,2011,69.823
Philippines,PHL,2012,69.984
Philippines,PHL,2013,70.149
Philippines,PHL,2014,70.315
Philippines,PHL,2015,70.481
Philippines,PHL,2016,70.644
Philippines,PHL,2017,70.802
Philippines,PHL,2018,70.952
Philippines,PHL,2019,71.095
Palau,PLW,2010,
Palau,PLW,2011,
Palau,PLW,2012,
Palau,PLW,2013,
Palau,PLW,2014,
Palau,PLW,2015,
Palau,PLW,2016,
Palau,PLW,2017,
Palau,PLW,2018,
Palau,PLW,2019,
Papua New Guinea,PNG,2010,61.739
Papua New Guinea,PNG,2011,62.029
Papua New Guinea,PNG,2012,62.316
Papua New Guinea,PNG,2013,62.604
Papua New Guinea,PNG,2014,62.892
Papua New Guinea,PNG,2015,63.181
Papua New Guinea,PNG,2016,63.466
Papua New Guinea,PNG,2017,63.744
Papua New Guinea,PNG,2018,64.01
Papua New Guinea,PNG,2019,64.263
Poland,POL,2010,75.6951219512195
Poland,POL,2011,76.2463414634146
Poland,POL,2012,76.6951219512195
Poland,POL,2013,76.7463414634146
Poland,POL,2014,77
Poland,POL,2015,77.6024390243903
Poland,POL,2016,77.4512195121951
Poland,POL,2017,77.8512195121951
Poland,POL,2018,77.7536585365854
Poland,POL,2019,77.6024390243903
Pre-demographic dividend,PRE,2010,55.9431876869469
Pre-demographic dividend,PRE,2011,56.5934563204336
Pre-demographic dividend,PRE,2012,57.2241559532433
Pre-demographic dividend,PRE,2013,57.835556803998
Pre-demographic dividend,PRE,2014,58.4260198491734
Pre-demographic dividend,PRE,2015,58.9877812232393
Pre-demographic dividend,PRE,2016,59.5119588731959
Pre-demographic dividend,PRE,2017,59.9919322491828
Pre-demographic dividend,PRE,2018,60.4274565443409
Pre-demographic dividend,PRE,2019,60.8209419966658
Puerto Rico,PRI,2010,78.191
Puerto Rico,PRI,2011,78.4190975609756
Puerto Rico,PRI,2012,78.6406585365854
Puerto Rico,PRI,2013,78.8475853658537
Puerto Rico,PRI,2014,79.0343414634146
Puerto Rico,PRI,2015,79.2024634146342
Puerto Rico,PRI,2016,79.353487804878
Puerto Rico,PRI,2017,79.4949756097561
Puerto Rico,PRI,2018,79.6345365853659
Puerto Rico,PRI,2019,79.7781951219512
Korea, Dem. People's Rep.,2010,68.884
Korea, Dem. People's Rep.,2011,69.185
Korea, Dem. People's Rep.,2012,69.571
Korea, Dem. People's Rep.,2013,70.012
Korea, Dem. People's Rep.,2014,70.454
Korea, Dem. People's Rep.,2015,70.853
Korea, Dem. People's Rep.,2016,71.198
Korea, Dem. People's Rep.,2017,71.481
Korea, Dem. People's Rep.,2018,71.711
Korea, Dem. People's Rep.,2019,71.91
Portugal,PRT,2010,78.7268292682927
Portugal,PRT,2011,79.0268292682927
Portugal,PRT,2012,80.4707317073171
Portugal,PRT,2013,80.3731707317073
Portugal,PRT,2014,80.7219512195122
Portugal,PRT,2015,81.1219512195122
Portugal,PRT,2016,81.1243902439025
Portugal,PRT,2017,81.1243902439025
Portugal,PRT,2018,81.4243902439025
Portugal,PRT,2019,81.3243902439024
Paraguay,PRY,2010,72.45
Paraguay,PRY,2011,72.653
Paraguay,PRY,2012,72.86
Paraguay,PRY,2013,73.068
Paraguay,PRY,2014,73.274
Paraguay,PRY,2015,73.473
Paraguay,PRY,2016,73.662
Paraguay,PRY,2017,73.836
Paraguay,PRY,2018,73.992
Paraguay,PRY,2019,74.131
West Bank and Gaza,PSE,2010,72.656
West Bank and Gaza,PSE,2011,72.788
West Bank and Gaza,PSE,2012,72.915
West Bank and Gaza,PSE,2013,73.041
West Bank and Gaza,PSE,2014,73.17
West Bank and Gaza,PSE,2015,73.303
West Bank and Gaza,PSE,2016,73.442
West Bank and Gaza,PSE,2017,73.589
West Bank and Gaza,PSE,2018,73.74
West Bank and Gaza,PSE,2019,73.895
Pacific island small states,PSS,2010,68.2956322368009
Pacific island small states,PSS,2011,68.4852338479117
Pacific island small states,PSS,2012,68.6829850375505
Pacific island small states,PSS,2013,68.8820036078343
Pacific island small states,PSS,2014,69.0773759535279
Pacific island small states,PSS,2015,69.2655398457814
Pacific island small states,PSS,2016,69.4444778564074
Pacific island small states,PSS,2017,69.6137420467649
Pacific island small states,PSS,2018,69.7742832547289
Pacific island small states,PSS,2019,69.9290487994467
Post-demographic dividend,PST,2010,79.4773745659385
Post-demographic dividend,PST,2011,79.6860816311517
Post-demographic dividend,PST,2012,79.9528500475351
Post-demographic dividend,PST,2013,80.0866317422445
Post-demographic dividend,PST,2014,80.2679212788766
Post-demographic dividend,PST,2015,80.5270850537992
Post-demographic dividend,PST,2016,80.394831923308
Post-demographic dividend,PST,2017,80.5490033492326
Post-demographic dividend,PST,2018,80.596692427509
Post-demographic dividend,PST,2019,80.6934884694291
French Polynesia,PYF,2010,75.363
French Polynesia,PYF,2011,75.611
French Polynesia,PYF,2012,75.844
French Polynesia,PYF,2013,76.074
French Polynesia,PYF,2014,76.307
French Polynesia,PYF,2015,76.546
French Polynesia,PYF,2016,76.787
French Polynesia,PYF,2017,77.024
French Polynesia,PYF,2018,77.251
French Polynesia,PYF,2019,77.462
Qatar,QAT,2010,78.945
Qatar,QAT,2011,79.108
Qatar,QAT,2012,79.26
Qatar,QAT,2013,79.399
Qatar,QAT,2014,79.527
Qatar,QAT,2015,79.646
Qatar,QAT,2016,79.758
Qatar,QAT,2017,79.868
Qatar,QAT,2018,79.981
Qatar,QAT,2019,80.1
Romania,ROU,2010,73.309756097561
Romania,ROU,2011,73.4585365853659
Romania,ROU,2012,74.409756097561
Romania,ROU,2013,74.4121951219512
Romania,ROU,2014,75.0634146341463
Romania,ROU,2015,74.909756097561
Romania,ROU,2016,74.9121951219512
Romania,ROU,2017,75.209756097561
Romania,ROU,2018,75.309756097561
Romania,ROU,2019,75.3585365853659
Russian Federation,RUS,2010,68.6846341463415
Russian Federation,RUS,2011,68.8412195121951
Russian Federation,RUS,2012,69.6839024390244
Russian Federation,RUS,2013,70.0721951219512
Russian Federation,RUS,2014,70.5787804878049
Russian Federation,RUS,2015,70.7436585365854
Russian Federation,RUS,2016,71.1834146341463
Russian Federation,RUS,2017,71.6512195121951
Russian Federation,RUS,2018,72.4514634146342
Russian Federation,RUS,2019,72.6621951219512
Rwanda,RWA,2010,62.129
Rwanda,RWA,2011,63.433
Rwanda,RWA,2012,64.523
Rwanda,RWA,2013,65.438
Rwanda,RWA,2014,66.219
Rwanda,RWA,2015,66.884
Rwanda,RWA,2016,67.45
Rwanda,RWA,2017,67.93
Rwanda,RWA,2018,68.341
Rwanda,RWA,2019,68.7
South Asia,SAS,2010,66.4278566886815
South Asia,SAS,2011,66.8487685017748
South Asia,SAS,2012,67.2583161942665
South Asia,SAS,2013,67.6463375441787
South Asia,SAS,2014,68.0077154272803
South Asia,SAS,2015,68.3402033187487
South Asia,SAS,2016,68.6419007195258
South Asia,SAS,2017,68.9161581005149
South Asia,SAS,2018,69.1713277262734
South Asia,SAS,2019,69.4122699440301
Saudi Arabia,SAU,2010,73.75
Saudi Arabia,SAU,2011,73.917
Saudi Arabia,SAU,2012,74.089
Saudi Arabia,SAU,2013,74.254
Saudi Arabia,SAU,2014,74.402
Saudi Arabia,SAU,2015,74.533
Saudi Arabia,SAU,2016,74.651
Saudi Arabia,SAU,2017,74.761
Saudi Arabia,SAU,2018,74.874
Saudi Arabia,SAU,2019,74.998
Sudan,SDN,2010,62.33
Sudan,SDN,2011,62.764
Sudan,SDN,2012,63.171
Sudan,SDN,2013,63.542
Sudan,SDN,2014,63.875
Sudan,SDN,2015,64.169
Sudan,SDN,2016,64.429
Sudan,SDN,2017,64.663
Sudan,SDN,2018,64.881
Sudan,SDN,2019,65.095
Senegal,SEN,2010,63.607
Senegal,SEN,2011,64.284
Senegal,SEN,2012,64.898
Senegal,SEN,2013,65.448
Senegal,SEN,2014,65.939
Senegal,SEN,2015,66.37
Senegal,SEN,2016,66.747
Senegal,SEN,2017,67.078
Senegal,SEN,2018,67.38
Senegal,SEN,2019,67.665
Singapore,SGP,2010,81.2414634146342
Singapore,SGP,2011,81.5414634146342
Singapore,SGP,2012,81.7439024390244
Singapore,SGP,2013,81.9951219512195
Singapore,SGP,2014,82.2463414634147
Singapore,SGP,2015,82.4951219512195
Singapore,SGP,2016,82.7439024390244
Singapore,SGP,2017,82.8463414634146
Singapore,SGP,2018,83.0951219512195
Singapore,SGP,2019,83.2975609756098
Solomon Islands,SLB,2010,70.366
Solomon Islands,SLB,2011,70.674
Solomon Islands,SLB,2012,70.985
Solomon Islands,SLB,2013,71.296
Solomon Islands,SLB,2014,71.601
Solomon Islands,SLB,2015,71.896
Solomon Islands,SLB,2016,72.173
Solomon Islands,SLB,2017,72.424
Solomon Islands,SLB,2018,72.645
Solomon Islands,SLB,2019,72.835
Sierra Leone,SLE,2010,48.468
Sierra Leone,SLE,2011,49.382
Sierra Leone,SLE,2012,50.234
Sierra Leone,SLE,2013,51.018
Sierra Leone,SLE,2014,51.731
Sierra Leone,SLE,2015,52.372
Sierra Leone,SLE,2016,52.941
Sierra Leone,SLE,2017,53.444
Sierra Leone,SLE,2018,53.895
Sierra Leone,SLE,2019,54.309
El Salvador,SLV,2010,70.978
El Salvador,SLV,2011,71.21
El Salvador,SLV,2012,71.449
El Salvador,SLV,2013,71.692
El Salvador,SLV,2014,71.935
El Salvador,SLV,2015,72.175
El Salvador,SLV,2016,72.412
El Salvador,SLV,2017,72.644
El Salvador,SLV,2018,72.872
El Salvador,SLV,2019,73.096
San Marino,SMR,2010,
San Marino,SMR,2011,
San Marino,SMR,2012,
San Marino,SMR,2013,85.4170731707317
San Marino,SMR,2014,
San Marino,SMR,2015,
San Marino,SMR,2016,
San Marino,SMR,2017,
San Marino,SMR,2018,
San Marino,SMR,2019,
Somalia,SOM,2010,53.654
Somalia,SOM,2011,53.99
Somalia,SOM,2012,54.342
Somalia,SOM,2013,54.713
Somalia,SOM,2014,55.104
Somalia,SOM,2015,55.509
Somalia,SOM,2016,55.92
Somalia,SOM,2017,56.324
Somalia,SOM,2018,56.709
Somalia,SOM,2019,57.068
Serbia,SRB,2010,73.9853658536585
Serbia,SRB,2011,74.3365853658537
Serbia,SRB,2012,74.5365853658537
Serbia,SRB,2013,74.8365853658537
Serbia,SRB,2014,75.1853658536585
Serbia,SRB,2015,75.3365853658537
Serbia,SRB,2016,75.2878048780488
Serbia,SRB,2017,75.6878048780488
Serbia,SRB,2018,75.5390243902439
Serbia,SRB,2019,75.890243902439
Sub-Saharan Africa (excluding high income),SSA,2010,55.9593504659589
Sub-Saharan Africa (excluding high income),SSA,2011,56.7237682841055
Sub-Saharan Africa (excluding high income),SSA,2012,57.4545069591526
Sub-Saharan Africa (excluding high income),SSA,2013,58.1480259219393
Sub-Saharan Africa (excluding high income),SSA,2014,58.8000204182102
Sub-Saharan Africa (excluding high income),SSA,2015,59.4034933478592
Sub-Saharan Africa (excluding high income),SSA,2016,59.9514844902919
Sub-Saharan Africa (excluding high income),SSA,2017,60.441109451202
Sub-Saharan Africa (excluding high income),SSA,2018,60.8787914144172
Sub-Saharan Africa (excluding high income),SSA,2019,61.2719943146726
South Sudan,SSD,2010,54.219
South Sudan,SSD,2011,54.8
South Sudan,SSD,2012,55.325
South Sudan,SSD,2013,55.791
South Sudan,SSD,2014,56.2
South Sudan,SSD,2015,56.552
South Sudan,SSD,2016,56.855
South Sudan,SSD,2017,57.12
South Sudan,SSD,2018,57.365
South Sudan,SSD,2019,57.604
Sub-Saharan Africa,SSF,2010,55.9611181532545
Sub-Saharan Africa,SSF,2011,56.7254700213101
Sub-Saharan Africa,SSF,2012,57.4560020826615
Sub-Saharan Africa,SSF,2013,58.1495777077899
Sub-Saharan Africa,SSF,2014,58.8013862401098
Sub-Saharan Africa,SSF,2015,59.4047969219195
Sub-Saharan Africa,SSF,2016,59.9528305717917
Sub-Saharan Africa,SSF,2017,60.4423935617357
Sub-Saharan Africa,SSF,2018,60.8800162996276
Sub-Saharan Africa,SSF,2019,61.273032490238
Small states,SST,2010,65.6370353218055
Small states,SST,2011,66.201197799991
Small states,SST,2012,66.745658218758
Small states,SST,2013,67.2839539785805
Small states,SST,2014,67.7650446190506
Small states,SST,2015,68.2053835345812
Small states,SST,2016,68.6140155862827
Small states,SST,2017,68.960439906982
Small states,SST,2018,69.2790048891203
Small states,SST,2019,69.5410318025947
Sao Tome and Principe,STP,2010,66.938
Sao Tome and Principe,STP,2011,67.43
Sao Tome and Principe,STP,2012,67.885
Sao Tome and Principe,STP,2013,68.306
Sao Tome and Principe,STP,2014,68.695
Sao Tome and Principe,STP,2015,69.052
Sao Tome and Principe,STP,2016,69.377
Sao Tome and Principe,STP,2017,69.67
Sao Tome and Principe,STP,2018,69.933
Sao Tome and Principe,STP,2019,70.17
Suriname,SUR,2010,70.209
Suriname,SUR,2011,70.465
Suriname,SUR,2012,70.676
Suriname,SUR,2013,70.851
Suriname,SUR,2014,71.002
Suriname,SUR,2015,71.133
Suriname,SUR,2016,71.249
Suriname,SUR,2017,71.358
Suriname,SUR,2018,71.463
Suriname,SUR,2019,71.57
Slovak Republic,SVK,2010,74.909756097561
Slovak Republic,SVK,2011,75.1121951219512
Slovak Republic,SVK,2012,75.9585365853659
Slovak Republic,SVK,2013,76.109756097561
Slovak Republic,SVK,2014,76.4121951219512
Slovak Republic,SVK,2015,76.8121951219512
Slovak Republic,SVK,2016,76.5634146341463
Slovak Republic,SVK,2017,77.1658536585366
Slovak Republic,SVK,2018,77.1658536585366
Slovak Republic,SVK,2019,77.2658536585366
Slovenia,SVN,2010,78.9707317073171
Slovenia,SVN,2011,79.4219512195122
Slovenia,SVN,2012,79.9707317073171
Slovenia,SVN,2013,80.1243902439024
Slovenia,SVN,2014,80.3219512195122
Slovenia,SVN,2015,81.0780487804878
Slovenia,SVN,2016,80.7756097560976
Slovenia,SVN,2017,81.1756097560976
Slovenia,SVN,2018,81.0292682926829
Slovenia,SVN,2019,81.3780487804878
Sweden,SWE,2010,81.3512195121951
Sweden,SWE,2011,81.4512195121951
Sweden,SWE,2012,81.8024390243903
Sweden,SWE,2013,81.7048780487805
Sweden,SWE,2014,81.9560975609756
Sweden,SWE,2015,82.2536585365854
Sweden,SWE,2016,82.2048780487805
Sweden,SWE,2017,82.3073170731707
Sweden,SWE,2018,82.409756097561
Sweden,SWE,2019,82.5585365853659
Eswatini,SWZ,2010,45.275
Eswatini,SWZ,2011,46.601
Eswatini,SWZ,2012,48.141
Eswatini,SWZ,2013,49.862
Eswatini,SWZ,2014,51.699
Eswatini,SWZ,2015,53.569
Eswatini,SWZ,2016,55.359
Eswatini,SWZ,2017,56.962
Eswatini,SWZ,2018,58.319
Eswatini,SWZ,2019,59.401
Sint Maarten (Dutch part),SXM,2010,75.5878048780488
Sint Maarten (Dutch part),SXM,2011,
Sint Maarten (Dutch part),SXM,2012,
Sint Maarten (Dutch part),SXM,2013,73.0536585365854
Sint Maarten (Dutch part),SXM,2014,
Sint Maarten (Dutch part),SXM,2015,77.0682926829268
Sint Maarten (Dutch part),SXM,2016,77.219512195122
Sint Maarten (Dutch part),SXM,2017,78.2926829268293
Sint Maarten (Dutch part),SXM,2018,
Sint Maarten (Dutch part),SXM,2019,
Seychelles,SYC,2010,73.0829268292683
Seychelles,SYC,2011,73.1975609756098
Seychelles,SYC,2012,72.7243902439024
Seychelles,SYC,2013,74.2756097560976
Seychelles,SYC,2014,73.119512195122
Seychelles,SYC,2015,73.2292682926829
Seychelles,SYC,2016,74.2951219512195
Seychelles,SYC,2017,74.309756097561
Seychelles,SYC,2018,74.3
Seychelles,SYC,2019,72.8414634146341
Syrian Arab Republic,SYR,2010,72.938
Syrian Arab Republic,SYR,2011,72.108
Syrian Arab Republic,SYR,2012,71.27
Syrian Arab Republic,SYR,2013,70.55
Syrian Arab Republic,SYR,2014,70.049
Syrian Arab Republic,SYR,2015,69.821
Syrian Arab Republic,SYR,2016,69.908
Syrian Arab Republic,SYR,2017,70.315
Syrian Arab Republic,SYR,2018,70.967
Syrian Arab Republic,SYR,2019,71.779
Turks and Caicos Islands,TCA,2010,
Turks and Caicos Islands,TCA,2011,
Turks and Caicos Islands,TCA,2012,
Turks and Caicos Islands,TCA,2013,
Turks and Caicos Islands,TCA,2014,
Turks and Caicos Islands,TCA,2015,
Turks and Caicos Islands,TCA,2016,
Turks and Caicos Islands,TCA,2017,
Turks and Caicos Islands,TCA,2018,
Turks and Caicos Islands,TCA,2019,
Chad,TCD,2010,50.346
Chad,TCD,2011,50.89
Chad,TCD,2012,51.424
Chad,TCD,2013,51.928
Chad,TCD,2014,52.386
Chad,TCD,2015,52.789
Chad,TCD,2016,53.137
Chad,TCD,2017,53.438
Chad,TCD,2018,53.712
Chad,TCD,2019,53.977
East Asia & Pacific (IDA & IBRD countries),TEA,2010,72.826295709454
East Asia & Pacific (IDA & IBRD countries),TEA,2011,73.1104642905665
East Asia & Pacific (IDA & IBRD countries),TEA,2012,73.3973077958749
East Asia & Pacific (IDA & IBRD countries),TEA,2013,73.6854850243671
East Asia & Pacific (IDA & IBRD countries),TEA,2014,73.9730995215616
East Asia & Pacific (IDA & IBRD countries),TEA,2015,74.2583716894567
East Asia & Pacific (IDA & IBRD countries),TEA,2016,74.5339522517388
East Asia & Pacific (IDA & IBRD countries),TEA,2017,74.7936110563136
East Asia & Pacific (IDA & IBRD countries),TEA,2018,75.0333507016333
East Asia & Pacific (IDA & IBRD countries),TEA,2019,75.2492174544162
Europe & Central Asia (IDA & IBRD countries),TEC,2010,70.9735124669467
Europe & Central Asia (IDA & IBRD countries),TEC,2011,71.3205383294948
Europe & Central Asia (IDA & IBRD countries),TEC,2012,71.8801458710206
Europe & Central Asia (IDA & IBRD countries),TEC,2013,72.2133072400029
Europe & Central Asia (IDA & IBRD countries),TEC,2014,72.6309566137605
Europe & Central Asia (IDA & IBRD countries),TEC,2015,72.8817324070019
Europe & Central Asia (IDA & IBRD countries),TEC,2016,73.1480062157184
Europe & Central Asia (IDA & IBRD countries),TEC,2017,73.5074491654054
Europe & Central Asia (IDA & IBRD countries),TEC,2018,73.9010657214425
Europe & Central Asia (IDA & IBRD countries),TEC,2019,74.0394738036344
Togo,TGO,2010,56.818
Togo,TGO,2011,57.468
Togo,TGO,2012,58.092
Togo,TGO,2013,58.661
Togo,TGO,2014,59.16
Togo,TGO,2015,59.58
Togo,TGO,2016,59.927
Togo,TGO,2017,60.22
Togo,TGO,2018,60.489
Togo,TGO,2019,60.76
Thailand,THA,2010,73.766
Thailand,THA,2011,74.184
Thailand,THA,2012,74.593
Thailand,THA,2013,74.992
Thailand,THA,2014,75.378
Thailand,THA,2015,75.747
Thailand,THA,2016,76.091
Thailand,THA,2017,76.403
Thailand,THA,2018,76.683
Thailand,THA,2019,76.931
Tajikistan,TJK,2010,68.36
Tajikistan,TJK,2011,68.736
Tajikistan,TJK,2012,69.055
Tajikistan,TJK,2013,69.34
Tajikistan,TJK,2014,69.609
Tajikistan,TJK,2015,69.874
Tajikistan,TJK,2016,70.137
Tajikistan,TJK,2017,70.397
Tajikistan,TJK,2018,70.647
Tajikistan,TJK,2019,70.879
Turkmenistan,TKM,2010,66.355
Turkmenistan,TKM,2011,66.657
Turkmenistan,TKM,2012,66.928
Turkmenistan,TKM,2013,67.167
Turkmenistan,TKM,2014,67.375
Turkmenistan,TKM,2015,67.552
Turkmenistan,TKM,2016,67.704
Turkmenistan,TKM,2017,67.835
Turkmenistan,TKM,2018,67.956
Turkmenistan,TKM,2019,68.073
Latin America & the Caribbean (IDA & IBRD countries),TLA,2010,73.7868998996756
Latin America & the Caribbean (IDA & IBRD countries),TLA,2011,73.9833457832769
Latin America & the Caribbean (IDA & IBRD countries),TLA,2012,74.17297211692
Latin America & the Caribbean (IDA & IBRD countries),TLA,2013,74.3552670519728
Latin America & the Caribbean (IDA & IBRD countries),TLA,2014,74.530246396291
Latin America & the Caribbean (IDA & IBRD countries),TLA,2015,74.700181700404
Latin America & the Caribbean (IDA & IBRD countries),TLA,2016,74.866559452391
Latin America & the Caribbean (IDA & IBRD countries),TLA,2017,75.0305585888065
Latin America & the Caribbean (IDA & IBRD countries),TLA,2018,75.1942820911752
Latin America & the Caribbean (IDA & IBRD countries),TLA,2019,75.3573280274652
Timor-Leste,TLS,2010,66.796
Timor-Leste,TLS,2011,67.186
Timor-Leste,TLS,2012,67.477
Timor-Leste,TLS,2013,67.72
Timor-Leste,TLS,2014,67.953
Timor-Leste,TLS,2015,68.197
Timor-Leste,TLS,2016,68.459
Timor-Leste,TLS,2017,68.735
Timor-Leste,TLS,2018,69.007
Timor-Leste,TLS,2019,69.26
Middle East & North Africa (IDA & IBRD countries),TMN,2010,71.8002017178781
Middle East & North Africa (IDA & IBRD countries),TMN,2011,72.0058015747182
Middle East & North Africa (IDA & IBRD countries),TMN,2012,72.2027014588723
Middle East & North Africa (IDA & IBRD countries),TMN,2013,72.3975962190988
Middle East & North Africa (IDA & IBRD countries),TMN,2014,72.5956530907737
Middle East & North Africa (IDA & IBRD countries),TMN,2015,72.7952415911251
Middle East & North Africa (IDA & IBRD countries),TMN,2016,72.9950525408616
Middle East & North Africa (IDA & IBRD countries),TMN,2017,73.1935110582146
Middle East & North Africa (IDA & IBRD countries),TMN,2018,73.3900758435144
Middle East & North Africa (IDA & IBRD countries),TMN,2019,73.5836236325898
Tonga,TON,2010,69.982
Tonga,TON,2011,70.059
Tonga,TON,2012,70.148
Tonga,TON,2013,70.242
Tonga,TON,2014,70.335
Tonga,TON,2015,70.427
Tonga,TON,2016,70.517
Tonga,TON,2017,70.607
Tonga,TON,2018,70.701
Tonga,TON,2019,70.801
South Asia (IDA & IBRD),TSA,2010,66.4278566886815
South Asia (IDA & IBRD),TSA,2011,66.8487685017748
South Asia (IDA & IBRD),TSA,2012,67.2583161942665
South Asia (IDA & IBRD),TSA,2013,67.6463375441787
South Asia (IDA & IBRD),TSA,2014,68.0077154272803
South Asia (IDA & IBRD),TSA,2015,68.3402033187487
South Asia (IDA & IBRD),TSA,2016,68.6419007195258
South Asia (IDA & IBRD),TSA,2017,68.9161581005149
South Asia (IDA & IBRD),TSA,2018,69.1713277262734
South Asia (IDA & IBRD),TSA,2019,69.4122699440301
Sub-Saharan Africa (IDA & IBRD countries),TSS,2010,55.9611181532545
Sub-Saharan Africa (IDA & IBRD countries),TSS,2011,56.7254700213101
Sub-Saharan Africa (IDA & IBRD countries),TSS,2012,57.4560020826615
Sub-Saharan Africa (IDA & IBRD countries),TSS,2013,58.1495777077899
Sub-Saharan Africa (IDA & IBRD countries),TSS,2014,58.8013862401098
Sub-Saharan Africa (IDA & IBRD countries),TSS,2015,59.4047969219195
Sub-Saharan Africa (IDA & IBRD countries),TSS,2016,59.9528305717917
Sub-Saharan Africa (IDA & IBRD countries),TSS,2017,60.4423935617356
Sub-Saharan Africa (IDA & IBRD countries),TSS,2018,60.8800162996276
Sub-Saharan Africa (IDA & IBRD countries),TSS,2019,61.273032490238
Trinidad and Tobago,TTO,2010,71.71
Trinidad and Tobago,TTO,2011,71.946
Trinidad and Tobago,TTO,2012,72.17
Trinidad and Tobago,TTO,2013,72.382
Trinidad and Tobago,TTO,2014,72.582
Trinidad and Tobago,TTO,2015,72.768
Trinidad and Tobago,TTO,2016,72.941
Trinidad and Tobago,TTO,2017,73.1
Trinidad and Tobago,TTO,2018,73.245
Trinidad and Tobago,TTO,2019,73.38
Tunisia,TUN,2010,74.88
Tunisia,TUN,2011,75.041
Tunisia,TUN,2012,75.206
Tunisia,TUN,2013,75.376
Tunisia,TUN,2014,75.552
Tunisia,TUN,2015,75.734
Tunisia,TUN,2016,75.922
Tunisia,TUN,2017,76.115
Tunisia,TUN,2018,76.31
Tunisia,TUN,2019,76.505
Turkey,TUR,2010,74.074
Turkey,TUR,2011,74.507
Turkey,TUR,2012,74.944
Turkey,TUR,2013,75.373
Turkey,TUR,2014,75.784
Turkey,TUR,2015,76.172
Turkey,TUR,2016,76.532
Turkey,TUR,2017,76.86
Turkey,TUR,2018,77.161
Turkey,TUR,2019,77.437
Tuvalu,TUV,2010,
Tuvalu,TUV,2011,
Tuvalu,TUV,2012,
Tuvalu,TUV,2013,
Tuvalu,TUV,2014,
Tuvalu,TUV,2015,
Tuvalu,TUV,2016,
Tuvalu,TUV,2017,
Tuvalu,TUV,2018,
Tuvalu,TUV,2019,
Tanzania,TZA,2010,57.666
Tanzania,TZA,2011,58.584
Tanzania,TZA,2012,59.525
Tanzania,TZA,2013,60.47
Tanzania,TZA,2014,61.398
Tanzania,TZA,2015,62.288
Tanzania,TZA,2016,63.111
Tanzania,TZA,2017,63.844
Tanzania,TZA,2018,64.479
Tanzania,TZA,2019,65.015
Uganda,UGA,2010,56.06
Uganda,UGA,2011,57.099
Uganda,UGA,2012,58.087
Uganda,UGA,2013,59.017
Uganda,UGA,2014,59.881
Uganda,UGA,2015,60.669
Uganda,UGA,2016,61.373
Uganda,UGA,2017,61.986
Uganda,UGA,2018,62.516
Uganda,UGA,2019,62.973
Ukraine,UKR,2010,69.19
Ukraine,UKR,2011,70.2653658536586
Ukraine,UKR,2012,70.8092682926829
Ukraine,UKR,2013,70.9441463414634
Ukraine,UKR,2014,71.159512195122
Ukraine,UKR,2015,71.1865853658537
Ukraine,UKR,2016,71.189512195122
Ukraine,UKR,2017,71.4763414634146
Ukraine,UKR,2018,71.7809756097561
Ukraine,UKR,2019,71.5826829268293
Upper middle income,UMC,2010,73.1898974344384
Upper middle income,UMC,2011,73.4707278290557
Upper middle income,UMC,2012,73.807628348653
Upper middle income,UMC,2013,74.1166736359666
Upper middle income,UMC,2014,74.4335806939409
Upper middle income,UMC,2015,74.7114443640711
Upper middle income,UMC,2016,74.9941051693109
Upper middle income,UMC,2017,75.2626351929368
Upper middle income,UMC,2018,75.5299725885324
Upper middle income,UMC,2019,75.7411212818632
Uruguay,URY,2010,76.603
Uruguay,URY,2011,76.75
Uruguay,URY,2012,76.882
Uruguay,URY,2013,77.004
Uruguay,URY,2014,77.124
Uruguay,URY,2015,77.244
Uruguay,URY,2016,77.369
Uruguay,URY,2017,77.498
Uruguay,URY,2018,77.632
Uruguay,URY,2019,77.77
United States,USA,2010,78.390243902439
United States,USA,2011,78.5414634146342
United States,USA,2012,78.6414634146341
United States,USA,2013,78.7414634146342
United States,USA,2014,78.7414634146342
United States,USA,2015,78.8414634146341
United States,USA,2016,78.690243902439
United States,USA,2017,78.5390243902439
United States,USA,2018,78.5390243902439
United States,USA,2019,78.6390243902439
Uzbekistan,UZB,2010,69.435
Uzbekistan,UZB,2011,69.672
Uzbekistan,UZB,2012,69.91
Uzbekistan,UZB,2013,70.155
Uzbekistan,UZB,2014,70.41
Uzbekistan,UZB,2015,70.671
Uzbekistan,UZB,2016,70.928
Uzbekistan,UZB,2017,71.171
Uzbekistan,UZB,2018,71.388
Uzbekistan,UZB,2019,71.573
St. Vincent and the Grenadines,VCT,2010,71.716
St. Vincent and the Grenadines,VCT,2011,71.776
St. Vincent and the Grenadines,VCT,2012,71.827
St. Vincent and the Grenadines,VCT,2013,71.879
St. Vincent and the Grenadines,VCT,2014,71.939
St. Vincent and the Grenadines,VCT,2015,72.01
St. Vincent and the Grenadines,VCT,2016,72.095
St. Vincent and the Grenadines,VCT,2017,72.193
St. Vincent and the Grenadines,VCT,2018,72.3
St. Vincent and the Grenadines,VCT,2019,72.415
Venezuela, RB,2010,73.071
Venezuela, RB,2011,73.116
Venezuela, RB,2012,73.134
Venezuela, RB,2013,73.11
Venezuela, RB,2014,73.037
Venezuela, RB,2015,72.918
Venezuela, RB,2016,72.762
Venezuela, RB,2017,72.584
Venezuela, RB,2018,72.405
Venezuela, RB,2019,72.246
British Virgin Islands,VGB,2010,
British Virgin Islands,VGB,2011,
British Virgin Islands,VGB,2012,
British Virgin Islands,VGB,2013,
British Virgin Islands,VGB,2014,
British Virgin Islands,VGB,2015,
British Virgin Islands,VGB,2016,
British Virgin Islands,VGB,2017,
British Virgin Islands,VGB,2018,
British Virgin Islands,VGB,2019,
Virgin Islands (U.S.),VIR,2010,77.5146341463415
Virgin Islands (U.S.),VIR,2011,77.8658536585366
Virgin Islands (U.S.),VIR,2012,78.3170731707317
Virgin Islands (U.S.),VIR,2013,78.5170731707317
Virgin Islands (U.S.),VIR,2014,78.7170731707317
Virgin Islands (U.S.),VIR,2015,78.8682926829268
Virgin Islands (U.S.),VIR,2016,79.0170731707317
Virgin Islands (U.S.),VIR,2017,79.1682926829268
Virgin Islands (U.S.),VIR,2018,79.3682926829268
Virgin Islands (U.S.),VIR,2019,79.5195121951219
Vietnam,VNM,2010,74.745
Vietnam,VNM,2011,74.837
Vietnam,VNM,2012,74.904
Vietnam,VNM,2013,74.958
Vietnam,VNM,2014,75.006
Vietnam,VNM,2015,75.056
Vietnam,VNM,2016,75.11
Vietnam,VNM,2017,75.172
Vietnam,VNM,2018,75.241
Vietnam,VNM,2019,75.317
Vanuatu,VUT,2010,68.974
Vanuatu,VUT,2011,69.123
Vanuatu,VUT,2012,69.272
Vanuatu,VUT,2013,69.421
Vanuatu,VUT,2014,69.57
Vanuatu,VUT,2015,69.719
Vanuatu,VUT,2016,69.869
Vanuatu,VUT,2017,70.021
Vanuatu,VUT,2018,70.172
Vanuatu,VUT,2019,70.323
World,WLD,2010,70.2465194964301
World,WLD,2011,70.5565916012861
World,WLD,2012,70.8834849988416
World,WLD,2013,71.1715476501828
World,WLD,2014,71.462660334406
World,WLD,2015,71.7419784549787
World,WLD,2016,71.9474766813061
World,WLD,2017,72.1811711478431
World,WLD,2018,72.3859201160944
World,WLD,2019,72.5686579434522
Samoa,WSM,2010,71.412
Samoa,WSM,2011,71.663
Samoa,WSM,2012,71.906
Samoa,WSM,2013,72.136
Samoa,WSM,2014,72.351
Samoa,WSM,2015,72.549
Samoa,WSM,2016,72.73
Samoa,WSM,2017,72.895
Samoa,WSM,2018,73.046
Samoa,WSM,2019,73.187
Kosovo,XKX,2010,69.9439024390244
Kosovo,XKX,2011,70.1439024390244
Kosovo,XKX,2012,70.4439024390244
Kosovo,XKX,2013,70.7439024390244
Kosovo,XKX,2014,70.9439024390244
Kosovo,XKX,2015,71.2439024390244
Kosovo,XKX,2016,71.4951219512195
Kosovo,XKX,2017,71.7439024390244
Kosovo,XKX,2018,71.9951219512195
Kosovo,XKX,2019,72.2439024390244
Yemen, Rep.,2010,64.892
Yemen, Rep.,2011,65.255
Yemen, Rep.,2012,65.549
Yemen, Rep.,2013,65.768
Yemen, Rep.,2014,65.92
Yemen, Rep.,2015,66.016
Yemen, Rep.,2016,66.066
Yemen, Rep.,2017,66.085
Yemen, Rep.,2018,66.087
Yemen, Rep.,2019,66.086
South Africa,ZAF,2010,56.46
South Africa,ZAF,2011,57.669
South Africa,ZAF,2012,58.895
South Africa,ZAF,2013,60.06
South Africa,ZAF,2014,61.099
South Africa,ZAF,2015,61.968
South Africa,ZAF,2016,62.649
South Africa,ZAF,2017,63.153
South Africa,ZAF,2018,63.538
South Africa,ZAF,2019,63.857
Zambia,ZMB,2010,54.13
Zambia,ZMB,2011,55.655
Zambia,ZMB,2012,57.126
Zambia,ZMB,2013,58.502
Zambia,ZMB,2014,59.746
Zambia,ZMB,2015,60.831
Zambia,ZMB,2016,61.737
Zambia,ZMB,2017,62.464
Zambia,ZMB,2018,63.043
Zambia,ZMB,2019,63.51
Zimbabwe,ZWE,2010,48.449
Zimbabwe,ZWE,2011,50.64
Zimbabwe,ZWE,2012,52.896
Zimbabwe,ZWE,2013,55.032
Zimbabwe,ZWE,2014,56.897
Zimbabwe,ZWE,2015,58.41
Zimbabwe,ZWE,2016,59.534
Zimbabwe,ZWE,2017,60.294
Zimbabwe,ZWE,2018,60.812
Zimbabwe,ZWE,2019,61.195
